Player,Team,Minutes played
J. Gvardiol,RB Leipzig,2208
M. de Ligt,Bayern München,2281
D. Upamecano,Bayern München,2384
N. Schlotterbeck,Borussia Dortmund,2408
N. Süle,Borussia Dortmund,1986
E. N'Dicka,Eintracht Frankfurt,2601
E. Tapsoba,Bayer Leverkusen,2796
P. Hincapié,Bayer Leverkusen,2405
O. Kossounou,Bayer Leverkusen,1641
J. Tah,Bayer Leverkusen,2394
M. Lacroix,Wolfsburg,1757
N. Elvedi,Borussia M'gladbach,2769
M. Ginter,Freiburg,2974
P. Lienhart,Freiburg,2484
M. van de Ven,Wolfsburg,2902
Tuta,Eintracht Frankfurt,2625
K. Mavropanos,Stuttgart,2357
Diogo Leite,Union Berlin,2172
K. Itakura,Borussia M'gladbach,1902
D. Doekhi,Union Berlin,2095
W. Orban,RB Leipzig,2862
O. Kabak,Hoffenheim,2314
F. Uduokhai,Augsburg,1439
K. Jakić,Eintracht Frankfurt,1586
S. Nsoki,Hoffenheim,1334
S. Bornauw,Wolfsburg,1784
T. Hübers,Köln,2456
H. Ito,Stuttgart,2485
P. Jaeckel,Union Berlin,1199
M. Friedl,Werder Bremen,2515
M. Hummels,Borussia Dortmund,1922
A. Pieper,Werder Bremen,2125
M. Jenz,Schalke 04,929
N. Stark,Werder Bremen,1946
M. Veljković,Werder Bremen,2177
M. Friedrich,Borussia M'gladbach,1173
E. Mašović,Bochum,2070
R. Knoche,Union Berlin,2881
L. Kilian,Köln,1196
M. Kempf,Hertha BSC,2725
A. Rogel,Hertha BSC,1369
W. Anton,Stuttgart,2879
K. Akpoguma,Hoffenheim,1937
K. Vogt,Hoffenheim,1908
A. Hanche-Olsen,Mainz 05,1445
I. Ordets,Bochum,2340
D. Zagadou,Stuttgart,1206
J. Gouweleeuw,Augsburg,2726
M. Bauer,Augsburg,1825
C. Gruezo,SJ Earthquakes,1038
Edimilson Fernandes,Mainz 05,2325
J. Brooks,Hoffenheim,1172
J. Guilavogui,Wolfsburg,1009
S. Bell,Mainz 05,2318
A. Hack,Mainz 05,1223
J. Chabot,Köln,1641
F. Uremović,Hertha BSC,1833
M. Yoshida,Schalke 04,2719
H. Matriciani,Schalke 04,1853
M. Hasebe,Eintracht Frankfurt,1312
J. Timber,Ajax,2991
E. Álvarez,Ajax,2520
D. Hancko,Feyenoord,2655
J. Branthwaite,PSV,1895
G. Trauner,Feyenoord,1734
A. Obispo,PSV,1852
M. Hilgers,Twente,2111
André Ramalho,PSV,1755
P. Chatzidiakos,AZ,2798
M. Sagnan,Utrecht,1937
S. Beukema,AZ,2118
P. Bochniewicz,Heerenveen,2946
N. Kasanwirjo,Feyenoord,1368
P. Sandler,NEC,1463
R. Flamingo,Vitesse,2602
Rodrigo Guth,Fortuna Sittard,2968
R. Pröpper,Twente,2474
M. Meulensteen,Vitesse,2630
M. Dekker,AZ,913
M. van der Hoorn,Utrecht,2034
X. Mbuyamba,Volendam,2418
R. Balker,Groningen,2639
Julio Pleguezuelo,Twente,1061
S. van Beek,Heerenveen,1446
S. Adewoye,RKC Waalwijk,2944
Iván Márquez,NEC,2866
C. Verdonk,NEC,1041
José Fontán,Go Ahead Eagles,1198
N. Viergever,Utrecht,1510
J. van Aken,Heerenveen,1078
M. Araujo,Emmen,2663
Ximo Navarro,Fortuna Sittard,1293
R. El Yaakoubi,Excelsior,2844
J. Kramer,NEC,1042
B. Benamar,Volendam,2115
E. Cornelisse,Vitesse,1441
P. Koopmeiners,Excelsior,1370
J. Idzes,Go Ahead Eagles,2833
L. Bergsma,Cambuur,1890
M. Tol,Cambuur,1785
D. Mirani,Volendam,2528
D. Van den Buijs,RKC Waalwijk,1917
J. Amofa,Go Ahead Eagles,2309
G. Nauber,Go Ahead Eagles,1250
M. te Wierik,Emmen,2343
D. Abels,Sparta Rotterdam,1307
J. Gaari,RKC Waalwijk,2885
D. Siovas,Fortuna Sittard,1856
M. van der Maarel,Utrecht,2185
M. Eerdhuijzen,Sparta Rotterdam,1157
B. Vriends,Sparta Rotterdam,2407
N. Isimat-Mirin,Vitesse,945
J. Dirksen,Emmen,1354
S. Nieuwpoort,Excelsior,1672
S. van Ottele,Heerenveen,1112
J. Veldmate,Emmen,1995
D. Schmidt,Cambuur,1663
S. Seymor,Excelsior,1167
A. Auassar,Sparta Rotterdam,1973
T. Blokzijl,Groningen,1189
F. Smand,Cambuur,1786
M. Brasil,Cerro Largo,1817
D. Campillo,Tapatío,2651
J. Sánchez,Pumas UNAM,1535
R. Martínez,Tapatío,2912
D. Zamora,Celaya,3826
L. Hernández,Dorados,2476
H. Marín,Cancún,2791
J. Portales,Atlante,3936
M. Trejo,Atlético Morelia,2942
S. Román,Real Oviedo Vetusta,1453
L. López,Correcaminos UAT,2973
J. García Sancho,Cimarrones de Sonora,2117
E. Monreal,Pachuca Premier,1234
Elbis,Atlante,2055
S. Valencia,Pumas Tabasco,908
S. Ceballos,Pumas Tabasco,2374
G. Martínez,Tapatío,1428
Omar Mireles,Mineros de Zacatecas,1601
H. Torres,Mineros de Zacatecas,2933
R. Noya,Venados,2608
B. Vázquez,Tepatitlán de Morelos,2634
J. Aguayo,Tapatío,1621
J. Saavedra,Cimarrones de Sonora,3673
V. Milke,Atlético Morelia,3383
B. Galindo,Cancún,2783
J. De Alba,Universidad Guadalajara,3601
P. Santos,Tlaxcala,1800
H. Muñoz,Dorados,2323
C. Villanueva,Tepatitlán de Morelos,3030
A. Mota,Universidad Guadalajara,1460
D. Guillén,Raya2,2301
G. Sánchez,Monterrey,1093
Oscar Mazatán,Mineros de Zacatecas,1605
B. Salazar,Tlaxcala,2194
J. Reyes,Cimarrones de Sonora,2134
M. Hernández,NA,1666
A. Justo,CA La Paz,2384
E. García,Cancún,1543
A. Mendoza,Durango,1675
O. León,Venados,1678
E. Reyes,Alebrijes de Oaxaca,3256
V. Torres,Correcaminos UAT,1817
N. Topete,Celaya,1081
A. Grijalva,Raya2,1043
A. Ledesma,Atlético Morelia,3739
F. Rabago,Universidad Guadalajara,1111
R. Melgarejo,Celaya,1318
K. Álvarez,CA La Paz,1146
H. Aguayo,Cancún,1535
L. Robles,Tepatitlán de Morelos,1733
F. Santillán,Tlaxcala,2413
J. Rodríguez,Cimarrones de Sonora,1610
J. Ocon,Tepatitlán de Morelos,1137
D. Escalante,Universidad Guadalajara,3207
J. Barragán,Venados,1281
A. Gutiérrez,Raya2,1340
L. López,Celaya,3514
A. Andrade,Necaxa,1617
P. Ruiz,CA La Paz,2276
A. Freyfeld,Pumas Tabasco,2237
J. Esqueda,Alebrijes de Oaxaca,1724
F. Agüero,CA La Paz,986
A. Mendoza,Mineros de Zacatecas,1690
O. Tirado,Dorados,2210
J. Múñoz,Durango,2619
E. Olaguez,Alebrijes de Oaxaca,2908
J. Moreno,Raya2,1188
U. Rivera,Tlaxcala,2109
R. Araújo,Barcelona,1882
Éder Militão,Real Madrid,2537
Pau Torres,Villarreal,2948
A. Rüdiger,Real Madrid,2354
J. Giménez,Atlético Madrid,2246
R. Le Normand,Real Sociedad,2659
A. Christensen,Barcelona,1481
David García,Osasuna,2509
Íñigo Martínez,Athletic Bilbao,1447
Mario Hermoso,Atlético Madrid,1818
Luiz Felipe,Real Betis,1630
Igor Zubeldía,Real Sociedad,2419
Yeray Álvarez,Athletic Bilbao,2401
Dani Vivian,Athletic Bilbao,2200
Eric García,Barcelona,1353
Édgar González,Real Betis,1673
L. Badé,Sevilla,1275
Marcos Alonso,Barcelona,1024
T. Nianzou,Sevilla,1435
Domingos Duarte,Getafe,2883
C. Montes,Espanyol,1326
S. Bueno,Girona,3053
Alejandro Catena,Rayo Vallecano,2921
M. Diakhaby,Valencia,2308
J. Aidoo,Celta de Vigo,3098
S. Savić,Atlético Madrid,2006
Jon Pacheco,Real Sociedad,1075
Djené,Getafe,2699
Unai Núñez,Celta de Vigo,2948
A. Witsel,Atlético Madrid,2020
G. Álvarez,Getafe,1196
G. Pezzella,Real Betis,2359
M. Valjent,Mallorca,2412
O. Alderete,Getafe,1757
F. Lejeune,Rayo Vallecano,2621
N. Gudelj,Sevilla,2744
A. Mandi,Villarreal,1126
E. Cömert,Valencia,1755
S. Babić,Almería,2799
M. Hongla,Real Valladolid,1142
L. Cabrera,Espanyol,2534
Antonio Raíllo,Mallorca,2929
Víctor Chust,Cádiz,1066
Rodrigo Ely,Almería,2962
Joaquín Fernández,Real Valladolid,2239
Javi Sánchez,Real Valladolid,2196
José Copete,Mallorca,1939
Raúl Albiol,Villarreal,2317
Gabriel Paulista,Valencia,1285
Fali,Cádiz,1740
Unai García,Osasuna,1848
E. Roco,Elche,1664
Chumi,Almería,1634
J. El Yamiq,Real Valladolid,1584
S. Mitrović,Getafe,1370
Sergi Gómez,Espanyol,2329
Fernando Calero,Espanyol,1530
David López,Girona,1464
C. Özkacar,Valencia,1416
M. Nastasić,Mallorca,988
Diego González,Elche,1053
Bernardo Espinosa,Girona,1161
Juanpe,Girona,1459
César de la Hoz,Almería,1614
Pedro Bigas,Elche,1883
Aridane Hernández,Osasuna,1461
Luis Hernández,Cádiz,2992
C. Montes,Espanyol,1077
Samir,Tigres UANL,2126
F. Torres,Santos Laguna,2701
V. Guzmán,Monterrey,2934
J. Escobar,Cruz Azul,2994
S. Vegas,Monterrey,2053
I. Reyes,América,3330
A. Frías,León,1168
Dória,Santos Laguna,1556
L. Abram,Atlanta United,1277
J. Orozco,Guadalajara,3031
C. Salcedo,Juárez,3098
S. Cáceres,América,2727
I. Lichnovsky,Tigres UANL,2727
L. Olivas,Guadalajara,1494
N. Díaz,Club Tijuana,2956
E. Gularte,Puebla,1765
N. Araújo,América,2384
G. Sepúlveda,Guadalajara,3312
J. Barreiro,León,2867
V. Huerta,Toluca,4136
Unai Bilbao,Atlético de San Luis,1459
N. Freire,Pumas UNAM,3180
A. Peña,Necaxa,3473
D. Reyes,Tigres UANL,2172
G. Pizarro,Tigres UANL,3374
M. Tapias,Minnesota United,1121
F. Ambríz,León,2474
H. Nervo,Atlas,3157
A. Santamaría,Atlas,2067
L. López,Club Tijuana,2488
A. Mosquera,Toluca,3828
H. Ortega,Toluca,1043
L. León,Emelec,1357
G. Silva,Puebla,3351
A. Ortíz,Pumas UNAM,2138
F. Formiliano,Necaxa,1295
R. Funes Mori,Cruz Azul,2337
E. Aguilera,Tigre,1140
Lucas Maia,Puebla,1827
D. De Buen,Puebla,3641
H. Moreno,Monterrey,2369
O. Murillo,Pachuca,1966
M. Barbieri,Querétaro,1240
K. Balanta,Querétaro,2237
F. Almada,Mazatlán,1243
J. Silva,Cruz Azul,1397
J. Domínguez,Cruz Azul,3113
G. Cabral,Pachuca,3674
H. Rodríguez,Santos Laguna,2996
R. Godínez,Club Tijuana,1282
R. González,Atlético de San Luis,1191
J. García,Atlético de San Luis,1120
J. Segovia,Necaxa,2455
N. Vidrio,Mazatlán,2533
O. Alanís,Mazatlán,1913
E. Martínez,Pachuca,1191
J. Molina,Pumas UNAM,992
J. Caicedo,Pumas UNAM U20,1119
G. Aguirre,Atlas,1687
J. Galindo,Pumas UNAM,1073
R. Fernández,Querétaro,1546
Alejandro Arribas,Juárez,2405
J. Castillo,Pachuca,1486
E. Orona,Mazatlán,1250
P. Bellón,León,2046
R. Guerrero,Cruz Azul,959
Marquinhos,PSG,2593
B. Badiashile,Chelsea,907
J. Todibo,Nice,2764
A. Disasi,Monaco,3189
A. Theate,Rennes,3134
C. Mbemba,Olympique Marseille,2732
C. Lukeba,Olympique Lyonnais,2812
Tiago Djaló,Lille,2145
K. Danso,Lens,3287
F. Medina,Lens,2688
G. Maripán,Monaco,2126
Danilo Pereira,PSG,2125
L. Balerdi,Olympique Marseille,2474
S. Gigot,Olympique Marseille,1975
W. Omari,Rennes,1062
J. Rodon,Rennes,1310
A. Djiku,Strasbourg,2812
A. Rouault,Toulouse,3274
S. Diomandé,Olympique Lyonnais,1900
G. Nyamsi,Strasbourg,1510
C. Wooh,Rennes,1079
Sergio Ramos,PSG,2403
E. Agbadou,Reims,2317
I. Touré,Auxerre,1390
B. Chardonnet,Brest,2286
M. Talbi,Lorient,3257
M. Estève,Montpellier,1493
R. Nicolaisen,Toulouse,2939
J. Gradit,Lens,2627
Andrei Girotto,Nantes,2954
J. Castelletto,Nantes,2361
L. Brassier,Brest,2930
B. Kouyaté,Montpellier,1063
J. Porozo,Troyes,1639
L. Perrin,Strasbourg,1649
C. Jullien,Montpellier,2702
J. Laporte,Lorient,1639
E. Palmer-Brown,Troyes,2920
M. Wieteska,Clermont,3045
I. Doukouré,Strasbourg,2088
D. Lovren,Olympique Lyonnais,1510
C. Hountondji,Angers SCO,3121
Alexsandro,Lille,1441
C. Hérelle,Brest,1147
A. Dari,Brest,1420
O. Gonzalez,Ajaccio,2483
Y. Salmier,Troyes,2637
Jubal,Auxerre,3039
C. Vidal,Ajaccio,1658
M. Blažič,Angers SCO,1886
M. Caufriez,Clermont,2003
B. Meïté,Lorient,1325
M. Le Marchand,Strasbourg,1976
N. Pallois,Nantes,2181
Y. Abdelhamid,Reims,3289
J. Jeanvier,Auxerre,1786
Dante,Nice,3119
José Fonte,Lille,2498
F. Ogier,Clermont,1725
A. Rami,Troyes,1400
C. Avinel,Ajaccio,1756
Rúben Dias,Manchester City,2073
W. Fofana,Chelsea,1239
C. Romero,Tottenham Hotspur,2494
W. Saliba,Arsenal,2647
L. Martínez,Manchester United,2276
Gabriel Magalhaes,Arsenal,3450
V. van Dijk,Liverpool,2894
S. Botman,Newcastle United,3036
R. Varane,Manchester United,1772
B. Badiashile,Chelsea,910
I. Konaté,Liverpool,1492
N. Aké,Manchester City,1961
M. Guéhi,Crystal Palace,3341
T. Souček,West Ham United,2802
N. Aguerd,West Ham United,1438
J. Andersen,Crystal Palace,2739
J. Gomez,Liverpool,1526
M. Akanji,Manchester City,2333
K. Zouma,West Ham United,2104
K. Koulibaly,Chelsea,1976
E. Dier,Tottenham Hotspur,3102
T. Mings,Aston Villa,3194
M. Kilman,Wolverhampton Wanderers,3457
T. Chalobah,Chelsea,1450
J. Tarkowski,Everton,3361
E. Konsa,Aston Villa,3375
N. Collins,Wolverhampton Wanderers,1808
A. Webster,Brighton,2058
W. Faes,Leicester City,2642
A. Bella-Kotchap,Southampton,2027
M. Salisu,Southampton,2156
C. Coady,Everton,2140
R. Koch,Leeds United,3190
I. Diop,Fulham,1840
L. Dunk,Brighton,3163
M. Senesi,Bournemouth,2515
J. Matip,Liverpool,1093
L. Colwill,Brighton,918
L. Kelly,Bournemouth,1932
D. Amartey,Leicester City,1761
H. Souttar,Leicester City,987
T. Adarabioyo,Fulham,1904
V. Lindelöf,Manchester United,1012
D. Ćaleta-Car,Southampton,1052
J. Bednarek,Southampton,1543
E. Pinnock,Brentford,2692
M. Wöber,Leeds United,1130
C. Lenglet,Tottenham Hotspur,1905
S. McKenna,Nottingham Forest,1707
M. Keane,Everton,1022
F. Schär,Newcastle United,3128
J. Worrall,Nottingham Forest,2133
C. Mepham,Bournemouth,2316
L. Cooper,Leeds United,1479
J. Stephens,Bournemouth,1349
Lyanco,Southampton,974
S. Cook,Nottingham Forest,1034
Felipe,Nottingham Forest,1280
Thiago Silva,Chelsea,2286
C. Dawson,Wolverhampton Wanderers,2136
B. Mee,Brentford,3313
M. Zanka Jørgensen,Brentford,1121
T. Ream,Fulham,3177
A. Ogbonna,West Ham United,1060
Gonçalo Inácio,Sporting CP,2613
J. St. Juste,Sporting CP,1030
S. Coates,Sporting CP,2799
I. Bamba,Vitória Guimarães,2573
André Amaro,Vitória Guimarães,2590
Vitor Tormena,Sporting Braga,2594
Fábio Cardoso,Porto,1363
Paulo Oliveira,Sporting Braga,1636
Tomás Araújo,Gil Vicente,2074
S. Niakaté,Sporting Braga,2336
N. Otamendi,Benfica,3026
Lucas Cunha,Red Bull Bragantino,1495
Filipe Relvas,Portimonense,3157
Riccieli,Famalicão,2860
E. Mihaj,Famalicão,2453
Mikel Villanueva,Vitória Guimarães,2815
Pedrão,Portimonense,2840
Pepe,Porto,2208
Bruno Wilson,Vizela,2264
Ygor Nogueira,Santa Clara,1108
Pedro Álvaro,Estoril,2837
M. Ndiaye,Estoril,1568
K. Boateng,Santa Clara,2548
Bernardo Vital,Estoril,2506
Anderson,Vizela,2970
Ivanildo Fernandes,Vizela,1652
J. Park,Portimonense,1314
João Basso,Arouca,3106
Nélson Monte,Chaves,2869
R. Abascal,Boavista,2518
E. Ferigra,Paços de Ferreira,1292
Josué Sá,Rio Ave,1449
João Nunes,Casa Pia AC,1816
N. Galović,Arouca,1459
J. Opoku,Arouca,2107
Maracás,Paços de Ferreira,1566
Patrick William,Rio Ave,2102
Léo Andrade,Khimki,1276
Adriano,Santa Clara,2376
C. Tassano,Khimki,1162
Matheus Costa,Marítimo,1242
Iván Marcano,Porto,2400
V. Sasso,Boavista,2153
N. Zolotić,Casa Pia AC,2411
Nuno Lima,Paços de Ferreira,2692
R. Pantalon,Rio Ave,1979
Carlos Ponck,Chaves,1973
M. Tounkara,Vitória Guimarães,1172
Ítalo,Santa Clara,1165
Mexer,Estoril,1072
Fernando Varela,Casa Pia AC,2213
M. Mosquera,Marítimo,1772
Renê,Marítimo,1175
Aderllan Santos,Rio Ave,3104
Zainadine Júnior,Marítimo,2328
Rúben Fernandes,Gil Vicente,2420
Steven Vitória,Chaves,2919
Vasco Fernandes,Casa Pia AC,2718
O. Diomandé,Sporting CP,952
António Silva,Benfica,2931
M. Škriniar,Internazionale,1900
A. Bastoni,Internazionale,2074
Min-Jae Kim,Napoli,3115
F. Tomori,Milan,2646
Bremer,Juventus,2564
P. Kalulu,Milan,2712
Ibañez,Roma,2915
G. Scalvini,Atalanta,2130
M. Demiral,Atalanta,1652
A. Rrahmani,Napoli,2247
J. Kiwior,Arsenal,1561
P. Schuurs,Torino,2193
N. Milenković,Fiorentina,2175
G. Mancini,Roma,2937
A. Romagnoli,Lazio,2790
N. Casale,Lazio,2319
M. Thiaw,Milan,1201
B. Djimsiti,Atalanta,1573
Danilo,Juventus,3162
Igor,Fiorentina,1933
Rodrigo Becão,Udinese,2515
J. Bijol,Udinese,2563
S. de Vrij,Internazionale,1832
L. Martínez Quarta,Fiorentina,2123
S. Posch,Bologna,2409
C. Okoli,Atalanta,920
E. Ampadu,Spezia,2467
J. Lucumí,Bologna,2764
F. Daniliuc,Salernitana,2041
C. Smalling,Roma,2838
N. Pérez,Udinese,2627
F. Baschirotto,Lecce,3146
Rafael Tolói,Atalanta,2596
A. Buongiorno,Torino,2512
Patric,Lazio,1438
I. Hien,Hellas Verona,2364
M. Erlić,Sassuolo,2135
F. Gatti,Juventus,1200
G. Ferrari,Sassuolo,2216
S. Kjær,Milan,974
Pablo Marí,Monza,2401
E. Ebosse,Udinese,1031
K. Günter,Sampdoria,1617
Alex Sandro,Juventus,1864
K. De Winter,Empoli,1120
F. Acerbi,Internazionale,2376
S. Umtiti,Lecce,1803
D. Nikolaou,Spezia,2804
Ruan,Sassuolo,1543
J. Vásquez,Cremonese,1668
A. Ismajli,Empoli,2024
P. Dawidowicz,Hellas Verona,1628
A. Soumaoro,Bologna,2022
E. Aiwu,Cremonese,1698
R. Rodríguez,Torino,2519
O. Colley,Beşiktaş,1517
L. Pirola,Salernitana,1663
D. Bronn,Salernitana,1645
S. Luperto,Empoli,2916
D. Coppola,Hellas Verona,1181
G. Magnani,Hellas Verona,1339
K. Djidji,Torino,2409
A. Izzo,Monza,2301
B. Amione,Sampdoria,2043
M. Caldara,Spezia,1373
B. Nuytinck,Sampdoria,1735
J. Murillo,Sampdoria,1151
A. Ferrari,Cremonese,1866
L. Lochoshvili,Cremonese,1775
N. Gyömbér,Salernitana,1707
L. Caldirola,Monza,2275
M. Bianchetti,Cremonese,2120
F. Fazio,Salernitana,1180
J. Bellingham,Borussia Dortmund,2787
J. Kimmich,Bayern München,2720
B. Pavard,Bayern München,2301
M. Koné,Borussia M'gladbach,2613
D. Kamada,Eintracht Frankfurt,2136
K. Laimer,RB Leipzig,1309
M. Simakan,RB Leipzig,1317
X. Schlager,RB Leipzig,1573
D. Sow,Eintracht Frankfurt,2555
R. Bensebaini,Borussia M'gladbach,2465
A. Haidara,RB Leipzig,1342
M. Arnold,Wolfsburg,2675
S. Özcan,Borussia Dortmund,1638
E. Palacios,Bayer Leverkusen,1483
A. Stach,Mainz 05,1962
J. Weigl,Borussia M'gladbach,1756
B. Henrichs,RB Leipzig,2215
E. Can,Borussia Dortmund,1766
E. Skhiri,Köln,2772
J. Scally,Borussia M'gladbach,2355
K. Sildillia,Freiburg,2053
R. Andrich,Bayer Leverkusen,2573
L. Tousart,Hertha BSC,2877
L. Barreiro,Mainz 05,2121
K. Demirbay,Bayer Leverkusen,1450
D. Geiger,Hoffenheim,2003
M. Eggestein,Freiburg,2398
R. Khedira,Union Berlin,2795
G. Prömel,Hoffenheim,1271
S. Serdar,Hertha BSC,1979
W. Endo,Stuttgart,2870
E. Martel,Köln,1908
T. Krauß,Schalke 04,2554
A. Král,Schalke 04,2270
K. Kampl,RB Leipzig,1373
A. Karazor,Stuttgart,1844
I. Šunjić,Hertha BSC,1075
D. Kohr,Mainz 05,2282
M. Halstenberg,RB Leipzig,1497
J. Kenny,Hertha BSC,2130
J. Stage,Werder Bremen,1799
A. Engels,Augsburg,1358
E. Rexhbecaj,Augsburg,2515
R. Gumny,Augsburg,2123
I. Gruev,Werder Bremen,1504
L. Kübler,Freiburg,1662
F. Jensen,Augsburg,1015
S. Rode,Eintracht Frankfurt,1343
K. Stöger,Bochum,2520
N. Schmidt,Werder Bremen,1096
C. Brunner,Schalke 04,2229
C. Kramer,Borussia M'gladbach,2287
P. Förster,Bochum,1174
N. Höfler,Freiburg,2807
M. Pedersen,Augsburg,1741
Danilo Soares,Bochum,1875
P. Osterhage,Bochum,1077
M. Plattenhardt,Hertha BSC,2448
J. Boëtius,Hertha BSC,1021
G. Haraguchi,Stuttgart,1327
K. Stafylidis,Bochum,1089
A. Jung,Werder Bremen,2566
S. Janko,Bochum,943
C. Gamboa,Bochum,1553
C. Groß,Werder Bremen,1932
A. Losilla,Bochum,2611
I. Sangaré,PSV,2222
O. Kökçü,Feyenoord,2608
C. Bassey,Ajax,1981
L. Geertruida,Feyenoord,2488
J. Veerman,PSV,2391
K. Taylor,Ajax,2425
Q. Timber,Feyenoord,1572
É. Gutiérrez,PSV,1603
M. Wieffer,Feyenoord,1624
R. Zerrouki,Twente,2737
D. Blind,Ajax,1034
D. de Wit,AZ,1194
C. Bozdogan,Utrecht,1407
J. Kitolano,Sparta Rotterdam,2724
J. Clasie,AZ,2841
K. Bistrović,Fortuna Sittard,1230
C. Eiting,Volendam,2999
J. Hove,Groningen,1325
D. Proper,NEC,2760
T. Haye,Heerenveen,2622
A. Verschueren,Sparta Rotterdam,2424
S. Tronstad,Vitesse,1983
L. Brouwers,Utrecht,1813
L. Duarte,Groningen,1693
S. Olsson,Heerenveen,2150
M. Kjølø,Twente,1078
D. Erdoğan,Fortuna Sittard,1547
J. Toornstra,Utrecht,2376
A. Tahiri,Heerenveen,2494
M. Hoedemakers,Cambuur,2100
G. Cox,Fortuna Sittard,2150
P. Rommens,Go Ahead Eagles,2391
D. Duarte,Fortuna Sittard,1401
L. Bernadou,Emmen,1913
S. Sambo,Sparta Rotterdam,2260
D. van Kaam,Cambuur,2277
J. Lelieveld,RKC Waalwijk,2649
A. Ferati,Fortuna Sittard,1491
L. van Gelderen,Groningen,1145
E. Linthorst,Go Ahead Eagles,1571
J. Jacobs,Cambuur,1497
J. Baas,Excelsior,2405
S. van Wermeskerken,Cambuur,1647
T. Lutonda,RKC Waalwijk,2408
R. Oratmangoen,Groningen,1182
E. Llansana,Go Ahead Eagles,1186
M. Paulissen,Cambuur,1992
N. Tjoe-A-On,Excelsior,2235
S. Horemans,Excelsior,2892
J. Vlak,Emmen,1663
C. Twigt,Volendam,1133
K. Veendorp,Emmen,2913
J. Pelupessy,Groningen,1432
B. Plat,Volendam,2377
V. Anita,RKC Waalwijk,2731
L. Schöne,NEC,2827
J. de Guzmán,Sparta Rotterdam,1295
L. Burnet,Emmen,1311
J. van Mullem,Sparta Rotterdam,1069
J. Plascencia,Mineros de Zacatecas,2669
J. Venegas,Toluca,1913
H. Meza,Mineros de Zacatecas,2221
J. Cortés,Alebrijes de Oaxaca,3041
J. Hernández,Universidad Guadalajara,3422
I. Tona,Raya2,1532
E. Martínez,Pumas Tabasco,2475
B. Figueroa,Pumas Tabasco,2589
A. Hernández,Dorados,1666
A. Nava,Dorados,2360
M. Pérez,Cancún,2103
G. Moreno,Correcaminos UAT,3221
J. González,Universidad Guadalajara,3275
A. Domínguez,Celaya,3645
J. Angulo,Atlante,1695
A. Arellano,Cimarrones de Sonora,3106
M. Reyna,Venados,1026
U. Zurita,CA La Paz,1597
D. Gallegos,Pumas Tabasco,1140
J. Vega,Venados,2907
I. Acero,Tepatitlán de Morelos,2272
R. Peña,Celaya,3372
D. Guajardo,Tapatío,1820
Ó. Macías,Tapatío,2872
K. Lara,Pumas Tabasco,2022
J. Sánchez,Correcaminos UAT,2392
S. Villarreal,Raya2,2979
R. Mendoza,CA La Paz,1011
L. Oropeza,Pumas Tabasco,1137
J. Lugo,Dorados,1707
G. Eguade,Cancún,1824
A. Luna,Venados,3108
M. Rodríguez,Correcaminos UAT,1355
Á. Zapata,Monterrey,2869
Gilberto García,Tapatío,1441
A. Organista,Tapatío,1210
R. Torres,Atlético Morelia,1369
L. Gamíz,Dorados,1742
D. García,Universidad Guadalajara,1016
E. Del Ángel,Celaya,1555
J. Hernández,Tlaxcala,2215
L. Márquez,Tepatitlán de Morelos,1062
A. Mejía,Dorados,3322
E. Cerna,Durango,3211
J. Hernández,Durango,2820
J. Cobián,Durango,1143
K. Amador,Venados,2400
A. Catalán,Venados,1156
A. Zamora,Tepatitlán de Morelos,1767
E. Santos,Alebrijes de Oaxaca,1742
A. Escobar,Atlante,1742
A. Soto,Tlaxcala,1721
E. Mendoza,Tlaxcala,1432
E. Fernández,Venados,1080
C. Guerrero,Alebrijes de Oaxaca,1320
F. Tede Pérez,Correcaminos UAT,1562
F. Reyes,Atlante,3244
E. Martínez,Raya2,1522
J. Rangel,Tlaxcala,1722
A. Martín,CA La Paz,1772
N. Cardozo,Venados,1454
A. López,Durango,1024
M. Lozano,Tlaxcala,1411
J. Casillas,Raya2,1139
E. Franco,NA,1230
M. Reyes,Cancún,1019
M. Arreola,Alebrijes de Oaxaca,2883
L. Gutiérrez,CA La Paz,1388
C. Castillo,Dorados,2021
Junior Moreira,Cancún,2091
Jonathan Tovar,Durango,1622
M. García,Venados,2244
A. Bravo,Tepatitlán de Morelos,1126
F. Morales,Alebrijes de Oaxaca II,1855
A. Carreón,Universidad Guadalajara,2358
E. Carballo,Raya2,1425
O. Soto,Atlante,1314
S. Rodríguez,Raya2,2779
M. Chávez,Tapatío,1625
D. Zago,Tlaxcala,1793
J. Zamudio,Tlaxcala,1880
J. Ruiz,Atlético Morelia,1599
B. Navarro,Cimarrones de Sonora,1641
A. Tchouaméni,Real Madrid,1939
F. de Jong,Barcelona,2237
J. Koundé,Barcelona,2277
E. Camavinga,Real Madrid,1869
D. Alaba,Real Madrid,1804
Mikel Merino,Real Sociedad,2320
R. de Paul,Atlético Madrid,1742
Martín Zubimendi,Real Sociedad,2936
F. Mendy,Real Madrid,1228
Brais Méndez,Real Sociedad,2375
G. Rodríguez,Real Betis,2632
Reinildo Mandava,Atlético Madrid,2019
J. Foyth,Villarreal,1859
Hugo Guillamón,Valencia,1799
G. Kondogbia,Atlético Madrid,1103
T. Kroos,Real Madrid,1931
Koke,Atlético Madrid,2245
William Carvalho,Real Betis,2347
Fran Beltrán,Celta de Vigo,2851
Aritz Elustondo,Real Sociedad,1398
M. Arambarri,Getafe,966
Joan Jordán,Sevilla,1684
Jon Moncayola,Osasuna,2291
Dani Ceballos,Real Madrid,1372
Aleix García,Girona,2478
L. Modrić,Real Madrid,1634
Carles Aleñà,Getafe,2005
E. Lamela,Sevilla,1611
P. Gueye,Sevilla,961
Nico González,Valencia,1146
Óscar Rodríguez,Celta de Vigo,1565
Moi Gómez,Osasuna,2598
N. Maksimović,Getafe,1732
R. Tapia,Celta de Vigo,1288
L. Robertone,Almería,2625
Vinicius Souza,Espanyol,2521
Dani Parejo,Villarreal,3185
Lucas Torró,Osasuna,2190
Nacho Fernández,Real Madrid,1485
Ilaix Moriba,Valencia,1099
Luis Milla,Getafe,1866
Nacho Vidal,Osasuna,1368
Samú Costa,Almería,1874
Monchu,Real Valladolid,1967
Mikel Vesga,Athletic Bilbao,2459
Oriol Romeu,Girona,2880
Santi Comesaña,Rayo Vallecano,2192
Álex Fernández,Cádiz,1745
Sergio Busquets,Barcelona,2240
José Ángel Carmona,Elche,1193
Gonzalo Melero,Almería,1669
I. Rakitić,Sevilla,1719
K. Rekik,Sevilla,911
Unai López,Rayo Vallecano,1290
Óscar Valentín,Rayo Vallecano,2398
P. Ciss,Rayo Vallecano,1368
Omar Mascarell,Elche,2679
Gerard Gumbau,Elche,2468
Raúl Guti,Elche,1167
Álvaro Aguado,Real Valladolid,1763
Óscar Gil,Espanyol,2370
I. Baba,Mallorca,1498
Fernando,Sevilla,1623
Ó. Trejo,Rayo Vallecano,2101
E. Capoue,Villarreal,1844
Roque Mesa,Real Valladolid,1491
Javi Hernández,Girona,1131
Juan Cruz,Osasuna,2119
G. González,Mallorca,961
Iñigo Ruiz de Galarreta,Mallorca,2476
Asier Illarramendi,Real Sociedad,990
Dani García,Athletic Bilbao,1428
Rubén Alcaraz,Cádiz,2009
Fede San Emeterio,Cádiz,1731
Sergio Escudero,Real Valladolid,1362
Aleix Vidal,Espanyol,1086
Ángel Algobia,Getafe,1214
A. Guardado,Real Betis,1346
Iza Carcelén,Cádiz,1955
H. Palacios,Elche,1999
Iñigo Eguaras,Almería,1028
Pablo Ibáñez,Osasuna,1007
Gavi,Barcelona,2393
L. Chávez,Pachuca,3793
E. Sánchez,Pachuca,3861
L. Romo,Monterrey,3286
Álvaro Fidalgo,América,3285
R. Sánchez,América,2576
C. Baeza,Toluca,3110
A. Cervantes,Santos Laguna,2677
M. Ruiz,Toluca,3233
E. Lira,Cruz Azul,3174
Á. Márquez,Atlas,1876
P. Aquino,América,1188
A. Rocha,Atlas,2074
S. Medina,Monterrey,3150
L. Romero,León,1214
O. Rodríguez,León,2816
M. Kranevitter,River Plate,1016
Rodrigo Dourado,Atlético de San Luis,2414
J. Sanabria,Atlético de San Luis,2554
A. Oliveros,Necaxa,3350
J. Rodríguez,León,2182
J. Intriago,Mazatlán,2550
J. Salas,Juárez,2343
J. Esquivel,Necaxa,2972
Rafael Carioca,Tigres UANL,2386
S. Flores,Guadalajara,1229
J. Sierra,Juárez,2359
L. Reyes,Atlas,2778
E. Zaldívar,Atlas,1896
L. López,Club Tijuana,1512
R. Chávez,Atlético de San Luis,3119
Higor Meritão,Pumas UNAM,1843
R. González,Guadalajara,1809
F. Lértora,Club Tijuana,2963
A. Araos,Necaxa,1097
C. Vargas,Cruz Azul,1032
I. Govea,Club Tijuana,2552
J. Güemez,Atlético de San Luis,2714
B. Angulo,Toluca,2770
C. Ortiz,Monterrey,2760
C. Rivera,Querétaro,2115
R. Meráz,Mazatlán,2510
A. Mayorga,Guadalajara,902
J. Van Rankin,Necaxa,1596
A. López,Santos Laguna,1533
B. Colula,Mazatlán,2137
A. Cruz,Atlético de San Luis,1419
M. García,Belgrano,955
F. Mancuello,Puebla,3461
U. García,Atlético de San Luis,1222
P. Bennevendo,Pumas UNAM,2280
V. Poggi,Necaxa,922
F. Madrigal,Necaxa,2438
I. Luna,Pachuca,1159
J. Padilla,Mazatlán,1293
A. Iniestra,Atlético de San Luis,952
J. Vázquez,Club Tijuana,1828
J. Díaz,Club Tijuana,1572
A. Aldrete,Pumas UNAM,1588
C. Guzmán,Querétaro,1361
K. Escamilla,Querétaro,2279
R. Baca,Cruz Azul,1156
Dani Alves,NA,1215
O. Mendoza,Querétaro,2232
J. Perlaza,Querétaro,1005
R. Monreal,Necaxa,992
J. Hernández,Querétaro,1389
L. Montes,Everton,956
F. Venegas,Mazatlán,1168
A. Acosta,Juárez,1025
E. Martínez,Puebla,1400
P. Monroy,Pumas UNAM U20,966
A. Montaño,Mazatlán,1289
D. García,Juárez,1064
M. Verratti,PSG,1902
Vitinha,PSG,2268
Fabián Ruiz,PSG,1767
M. Camara,Monaco,2147
M. Caqueret,Olympique Lyonnais,2555
Y. Fofana,Monaco,2921
N. Mukiele,PSG,1218
V. Rongier,Olympique Marseille,2950
B. Santamaria,Rennes,1560
E. Le Fée,Lorient,2814
André Gomes,Lille,1776
J. Veretout,Olympique Marseille,2672
C. Tolisso,Olympique Lyonnais,1803
S. Abdul Samed,Lens,2716
Angel Gomes,Lille,2664
T. Savanier,Montpellier,2463
B. André,Lille,2721
J. Makengo,Lorient,920
J. Lepenant,Olympique Lyonnais,2007
J. Chotard,Montpellier,2251
B. van den Boomen,Toulouse,2954
I. Sissoko,Strasbourg,1117
L. Ugochukwu,Rennes,1399
B. Diakité,Lille,2436
H. Boudaoui,Nice,1655
F. Tait,Rennes,1753
P. Rosario,Nice,1611
L. Agoumé,Troyes,1093
E. Matazo,Monaco,1070
Pedro Chirivella,Nantes,1997
A. Matusiwa,Reims,2377
Thiago Mendes,Olympique Lyonnais,2085
N. Cozza,Wolfsburg,1389
A. Gravillon,Torino,1119
R. Kouamé,Troyes,2438
M. Munetsi,Reims,2507
S. Kolašinac,Olympique Marseille,2064
A. Seidu,Clermont,2246
G. Kalulu,Lorient,2295
J. Ferri,Montpellier,2626
N. Bentaleb,Angers SCO,2447
J. Cajuste,Reims,1349
S. Moutoussamy,Nantes,2164
P. Lees-Melou,Brest,2570
F. Sacko,Montpellier,2452
S. Spierings,Toulouse,3078
M. Sissoko,Nantes,1945
S. Prcić,Strasbourg,1706
D. Lopy,Reims,1411
M. Haïdara,Lens,1663
J. Aholou,Strasbourg,1394
B. Locko,Brest,1424
L. Abergel,Lorient,2100
H. Belkebla,Brest,2493
M. Camara,Brest,1815
V. Marchetti,Ajaccio,2372
B. Mendy,Angers SCO,2670
F. Tardieu,Troyes,1079
H. Sakhi,Auxerre,1719
Y. Magnin,Clermont,2405
B. Innocent,Lorient,1151
G. Suazo,Toulouse,1078
X. Chavalerin,Troyes,2123
H. Magnetti,Brest,1674
B. Dejaegere,Toulouse,1778
I. Diallo,Ajaccio,2187
B. Touré,Auxerre,3224
R. Raveloson,Auxerre,2217
K. Lala,Brest,1119
V. Le Goff,Lorient,3160
L. Leroy,Montpellier,1192
N. Fadiga,Brest,1401
M. Gonalons,Clermont,1338
Y. M'Changama,Auxerre,1072
J. Gastien,Clermont,2396
M. Diarra,Toulouse,1243
T. Mangani,Ajaccio,1351
M. Barreto,Ajaccio,1079
A. Bamba,Angers SCO,1091
P. Capelle,Angers SCO,1380
M. Alphonse,Ajaccio,1410
M. Coutadeur,Ajaccio,1825
E. Fernández,Chelsea,1303
Rodri,Manchester City,2947
D. Rice,West Ham United,3233
Bruno Guimarães,Newcastle United,2581
M. Caicedo,Brighton,2889
Casemiro,Manchester United,1830
Fabinho,Liverpool,2649
P. Højbjerg,Tottenham Hotspur,3338
A. Onana,Everton,2466
R. Bentancur,Tottenham Hotspur,1617
Marc Cucurella,Chelsea,1812
M. Kovačić,Chelsea,1807
Rúben Neves,Wolverhampton Wanderers,3061
O. Zinchenko,Arsenal,2284
J. Ward-Prowse,Southampton,3317
T. Partey,Arsenal,2500
Douglas Luiz,Aston Villa,2932
João Palhinha,Fulham,3012
L. Shaw,Manchester United,2412
Jorginho,Arsenal,2101
C. Gallagher,Chelsea,1486
W. Ndidi,Leicester City,1631
Y. Tielemans,Leicester City,2173
J. Stones,Manchester City,1882
C. Doucouré,Crystal Palace,2704
T. Castagne,Leicester City,3159
T. Mitchell,Crystal Palace,2850
J.  McGinn,Aston Villa,2656
J. Justin,Leicester City,1349
S. McTominay,Manchester United,1226
R. Lavia,Southampton,2076
K. Dewsbury-Hall,Leicester City,2407
Y. Bissouma,Tottenham Hotspur,920
B. Kamara,Aston Villa,1723
C. Eriksen,Manchester United,1806
S. Longstaff,Newcastle United,2684
V. Mykolenko,Everton,2819
T. Malacia,Manchester United,1278
A. Wan-Bissaka,Manchester United,1174
W. McKennie,Leeds United,1307
T. Adams,Leeds United,2365
Renan Lodi,Nottingham Forest,2073
B. Soumaré,Leicester City,1399
P. Struijk,Leeds United,2271
B. Davies,Tottenham Hotspur,2231
Fred,Manchester United,1293
A. Hickey,Brentford,1813
Thiago Alcântara,Liverpool,1371
T. Kehrer,West Ham United,2179
Jonny Otto,Wolverhampton Wanderers,1376
L. Dendoncker,Aston Villa,1029
V. Janelt,Brentford,2130
J. Lerma,Bournemouth,3255
M. Damsgaard,Brentford,914
K. Walker,Manchester City,1737
Marc Roca,Leeds United,2498
R. Kristensen,Leeds United,1861
O. Skipp,Tottenham Hotspur,1376
H. Reed,Fulham,2786
C. Nørgaard,Brentford,1919
J. Lingard,Nottingham Forest,1005
O. Mangala,Nottingham Forest,1310
J. Firpo,Leeds United,1358
D. Burn,Newcastle United,3094
L. Cook,Bournemouth,1803
J. Henderson,Liverpool,2069
R. Freuler,Nottingham Forest,2328
L. Thomas,Leicester City,932
J. Veltman,Brighton,2226
M. Lemina,Wolverhampton Wanderers,1218
I. Diallo,Southampton,920
A. Maitland-Niles,Southampton,1358
César Azpilicueta,Chelsea,1397
R. Yates,Nottingham Forest,1642
I. Gueye,Everton,2436
J. Schlupp,Crystal Palace,2701
S. Aurier,Nottingham Forest,1763
J. Rothwell,Bournemouth,1018
H. Toffolo,Nottingham Forest,984
C. Kouyaté,Nottingham Forest,904
N. Clyne,Crystal Palace,1781
M. Roerslev,Brentford,1234
J. Ward,Crystal Palace,2177
João Moutinho,Wolverhampton Wanderers,1944
A. Smith,Bournemouth,3020
S. Coleman,Everton,1794
A. Young,Aston Villa,2125
E. Fernández,Chelsea,1482
Otávio,Porto,2469
M. Ugarte,Sporting CP,2540
Florentino Luís,Benfica,2298
F. Aursnes,Benfica,2354
Ali Al Musrati,Sporting Braga,2510
H. Morita,Sporting CP,2132
M. Uribe,Porto,2697
Stephen Eustáquio,Porto,1836
M. Grujić,Porto,1252
Matheus Reis,Sporting CP,2492
U. Račić,Sporting Braga,1249
Chiquinho,Benfica,1515
André Horta,Sporting Braga,2200
R. Cannon,Boavista,2551
Gustavo Assunção,Famalicão,1095
Alexandre Penetra,Famalicão,2760
S. Colombatto,Famalicão,2838
Z. Youssouf,Famalicão,2305
João Carvalho,Estoril,2477
G. Makouta,Boavista,3008
Guga,Rio Ave,3163
K. Misao,Santa Clara,1172
Vitor Carvalho,Gil Vicente,2950
Tiago Silva,Vitória Guimarães,2254
S. Pérez,Boavista,2630
L. Rosier,Estoril,1231
Samu,Vizela,2922
Victor Bobsin,Santa Clara,1788
T. Kunimoto,Casa Pia AC,1363
Zé Carlos,Vitória Guimarães,957
Dani Silva,Vitória Guimarães,1826
Afonso Freitas,Vitória Guimarães,2101
Miguel Baeza,Rio Ave,1188
André André,Vitória Guimarães,1482
G. Aburjania,Gil Vicente,1797
A. Méndez,Vizela,1604
Raphael Guzzo,Vizela,2576
Francisco Geraldes,Estoril,1996
A. Ruiz,Arouca,2685
Tiago Esgaio,Arouca,2511
M. Sylla,Arouca,2510
Rui Pires,Paços de Ferreira,2611
Kiki,Vizela,2442
Afonso Taira,Casa Pia AC,2232
I. Camará,Boavista,1150
Bruno Lourenço,Boavista,2024
B. Mukendi,Casa Pia AC,1005
B. Milovanov,Arouca,1078
João Gamboa,Estoril,1120
Oriol Busquets,Arouca,1303
Paulo Estrela,Portimonense,1648
I. Soro,Arouca,1611
S. Beltrame,Marítimo,1172
Diogo Mendes,Marítimo,1369
J. Holsgrove,Paços de Ferreira,1947
MT,Santa Clara,1238
Val,Marítimo,1327
Paulo Henrique,Santa Clara,1563
M. Diaby,Portimonense,1557
Ricardo Guima,Chaves,2176
A. Samaris,Rio Ave,1518
João Afonso,Marítimo,1622
Maurício,Portimonense,1078
David Simão,Arouca,2765
Ângelo Neto,Casa Pia AC,1659
Claudemir,Vizela,1484
Rúben Lima,Famalicão,1303
Luiz Carlos,Paços de Ferreira,1223
S. Milinković-Savić,Lazio,2864
S. Tonali,Milan,2590
I. Bennacer,Milan,2179
S. Lobotka,Napoli,2930
H. Çalhanoğlu,Internazionale,2371
A. Rabiot,Juventus,2573
M. Locatelli,Juventus,2357
T. Koopmeiners,Atalanta,2682
M. Brozović,Internazionale,1601
S. Amrabat,Fiorentina,2040
W. McKennie,Juventus,1120
B. Cristante,Roma,2968
Éderson,Atalanta,2104
N. Fagioli,Juventus,1569
N. Domínguez,Bologna,2131
M. López,Sassuolo,2081
S. Ricci,Torino,1847
I. Ilić,Torino,1810
M. Pessina,Monza,2759
S. Lukić,Fulham,1297
L. Paredes,Juventus,909
M. Hjulmand,Lecce,2902
H. Winks,Sampdoria,1467
M. de Roon,Atalanta,2806
N. Rovella,Monza,1641
R. Krunić,Milan,1543
R. Mandragora,Fiorentina,1893
J. Schouten,Bologna,2360
Matheus Henrique,Sassuolo,1725
R. Marin,Empoli,2558
Mário Rui,Napoli,1769
A. Tamèze,Hellas Verona,2831
S. Sensi,Monza,1594
A. Marušić,Lazio,2952
Marlon,Monza,1482
D. Cataldi,Lazio,2009
Walace,Udinese,2999
N. Moro,Bologna,1147
H. Hateboer,Atalanta,1484
A. Duncan,Fiorentina,920
M. Vecino,Lazio,1580
Y. Maleh,Lecce,1012
J. Toljan,Sassuolo,2521
L. Coulibaly,Salernitana,2676
N. Matić,Roma,1972
E. Hysaj,Lazio,1840
M. Darmian,Internazionale,2051
O. Duda,Hellas Verona,1062
V. Gendrey,Lecce,2896
S. Meïté,Cremonese,2155
C. Pickel,Cremonese,2369
K. Amian,Spezia,2288
D. Faraoni,Hellas Verona,1280
K. Linetty,Torino,1979
T. Vilhena,Salernitana,2143
L. Henderson,Empoli,901
F. Ceccherini,Hellas Verona,1396
A. Sabiri,Sampdoria,1176
Ronaldo Vieira,Torino,924
P. Stojanović,Empoli,1560
N. Haas,Empoli,1154
T. Ebuehi,Empoli,1712
A. Blin,Lecce,2093
M. Benassi,Cremonese,1111
José Machin,Monza,1211
J. Akpa Akpro,Empoli,1142
G. Kastanos,Salernitana,1073
M. Bourabia,Spezia,2671
G. Medel,Bologna,1488
A. Ekdal,Spezia,1628
T. Rincón,Sampdoria,2333
M. Castagnetti,Cremonese,1340
Joan Gonzàlez,Lecce,2245
C. Nkunku,RB Leipzig,1732
R. Kolo Muani,Eintracht Frankfurt,2526
S. Mané,Bayern München,1489
M. Thuram,Borussia M'gladbach,2515
P. Schick,Bayer Leverkusen,1019
Y. Moukoko,Borussia Dortmund,1167
S. Haller,Borussia Dortmund,1021
André Silva,RB Leipzig,1766
G. Rutter,Leeds United,1079
C. Baumgartner,Hoffenheim,2519
R. Borré,Eintracht Frankfurt,1160
A. Adli,Bayer Leverkusen,1348
A. Hložek,Bayer Leverkusen,1340
L. Nmecha,Wolfsburg,972
J. Wind,Wolfsburg,1152
E. Demirović,Augsburg,2248
M. Berisha,Augsburg,1696
N. Füllkrug,Werder Bremen,2479
Silas,Stuttgart,1895
S. Guirassy,Stuttgart,1477
J. Kamiński,Wolfsburg,1939
L. Ajorque,Mainz 05,1189
J. Siebatcheu,Union Berlin,1398
M. Reus,Borussia Dortmund,1354
M. Gregoritsch,Freiburg,2180
Tiago Tomás,Stuttgart,1234
I. Bebou,Hoffenheim,1224
M. Ducksch,Werder Bremen,2775
D. Beljo,Augsburg,990
E. Choupo-Moting,Bayern München,1148
Omar Marmoush,Wolfsburg,1519
L. Höler,Freiburg,1306
M. Ingvartsen,Mainz 05,1254
T. Asano,Bochum,1564
M. Dabbur,Hoffenheim,926
S. Tigges,Köln,1560
K. Onisiwo,Mainz 05,2427
W. Kanga,Hertha BSC,1513
P. Hofmann,Bochum,2520
F. Niederlechner,Hertha BSC,1671
D. Selke,Köln,1126
K. Behrens,Union Berlin,1401
S. Zoller,Bochum,1508
S. Terodde,Schalke 04,1907
M. Kudus,Ajax,1656
B. Brobbey,Ajax,1583
D. Klaassen,Ajax,2125
V. Pavlidis,AZ,1743
S. Giménez,Feyenoord,1809
R. Pepi,Groningen,2423
G. Til,PSV,1715
A. Douvikas,Utrecht,2070
J. Odgaard,AZ,2186
Danilo,Feyenoord,1392
L. de Jong,PSV,1610
S. van Hooijdonk,Heerenveen,2489
B. Białek,Vitesse,1402
G. Vidović,Vitesse,1274
L. Dimata,NEC,2215
T. Lauritsen,Sparta Rotterdam,2875
B. Dost,Utrecht,1504
Julen Lobete,RKC Waalwijk,1255
P. van Amersfoort,Heerenveen,1209
S. van de Streek,Utrecht,2132
B. Yılmaz,Fortuna Sittard,2434
S. Steijn,Twente,1239
R. van Wolfswinkel,Twente,2669
O. Romeny,Emmen,2430
I. Lidberg,Go Ahead Eagles,2699
Rui Mendes,Emmen,1505
G. Oristanio,Volendam,1808
M. Mattsson,NEC,1666
R. Uldriķis,Cambuur,1211
R. Mühren,Volendam,1795
B. Johnsen,Cambuur,911
F. Jozefzoon,RKC Waalwijk,904
H. Veerman,Volendam,1355
F. Stokkers,Go Ahead Eagles,1305
P. Gladon,Fortuna Sittard,1251
R. Kharchouch,Excelsior,1244
R. Živković,Emmen,2294
M. Kramer,RKC Waalwijk,1892
M. van Duinen,Excelsior,1011
A. Sarr,Olympique Lyonnais,1755
D. Lajud,Atlante,3293
J. Zúñiga,Querétaro,1542
R. Marín,Celaya,3813
M. Pérez,Venados,1687
J. Maleck,Tepatitlán de Morelos,1164
A. González,Alebrijes de Oaxaca,2993
J. González,Guadalajara,1413
Á. Robles,Puebla,1362
L. Razo,Mineros de Zacatecas,2524
B. Mendoza,Atlético Morelia,2511
O. Villa,Xelajú,1770
S. Lora,Venados,2775
A. Sayago,Raya2,2125
A. Escoto,Celaya,1241
D. Jiménez,Cimarrones de Sonora,2971
E. Herrera,Universitario,1015
J. Salas,CA La Paz,1052
J. López,Durango,1692
S. Martinez,Tepatitlán de Morelos,1706
A. Ávila,Raya2,1765
R. Durán,Pumas Tabasco,1374
D. Delgadillo,Santa Lucía,988
J. Machado,Pumas Tabasco,2086
U. Jaimes,CA La Paz,1705
W. Guzmán,Durango,3221
É. Rivera,Tepatitlán de Morelos,2149
M. Zúñiga,Correcaminos UAT,937
D. López,Atlante,1002
J. López,Cimarrones de Sonora,1366
A. Sánchez,Cancún,1276
D. Pineda,Correcaminos UAT,1432
K. Chaurand,Mineros de Zacatecas,1421
L. Loroña,Cancún,2343
L. Pérez,Atlético Morelia,2455
J. Cruz,Alebrijes de Oaxaca,982
I. Márquez,Tepatitlán de Morelos,1586
J. Hernández,Universidad Guadalajara,1195
V. Moragrega,CA La Paz,976
M. Caraglio,Venados,997
Y. Espinosa,Tlaxcala,1149
B. Rosas,NA,1352
D. González,Lazio,1588
J. González,Pumas Tabasco,1119
K. Calderon,Dorados,1029
B. Gambarte,Tepatitlán de Morelos,1206
L. Martínez,Universidad Guadalajara,1313
I. Hernández,Tlaxcala,1322
J. Flores,Atlético Morelia,1030
Ansu Fati,Barcelona,1331
Mikel Oyarzabal,Real Sociedad,1087
R. Lewandowski,Barcelona,2589
Á. Correa,Atlético Madrid,1334
Gerard Moreno,Villarreal,1185
Álvaro Morata,Atlético Madrid,1885
E. Ünal,Getafe,3100
Borja Iglesias,Real Betis,2210
V. Tsygankov,Girona,1111
V. Muriqi,Mallorca,2709
Luiz Henrique,Real Betis,1816
Y. En-Nesyri,Sevilla,1722
N. Jackson,Villarreal,1291
A. Sørloth,Real Sociedad,2155
L. Ocampos,Sevilla,1174
J. Strand Larsen,Celta de Vigo,1593
E. Touré,Almería,1245
Rafa Mir,Sevilla,1053
V. Castellanos,Girona,2523
Sergio Camello,Rayo Vallecano,2386
L. Suárez,Almería,1386
L. Ramazani,Almería,1486
Borja Mayoral,Getafe,2833
C. Larin,Real Valladolid,1137
Javi Puado,Espanyol,2093
L. Boyé,Elche,2311
Nico Melamed,Espanyol,997
Joselu,Espanyol,2893
Ayoze Pérez,Real Betis,1041
A. Budimir,Osasuna,1638
M. Braithwaite,Espanyol,2405
Hugo Duro,Valencia,1436
E. Cavani,Valencia,1472
José Luis Morales,Villarreal,1381
E. Ponce,Elche,1246
Choco Lozano,Cádiz,1410
Roger Martí,Cádiz,1330
Raúl García,Athletic Bilbao,1050
Sergi Guardiola,Cádiz,1443
Sergio León,Real Valladolid,1339
C. Stuani,Girona,1075
A. Ndiaye,Mallorca,1140
Gorka Guruzeta,Athletic Bilbao,1304
Rubén Sobrino,Cádiz,2229
Kike García,Osasuna,1112
Valery Fernández,Girona,978
N. Ibáñez,Tigres UANL,3033
J. Rodríguez,América,2711
H. Martín,América,3151
J. Quiñones,Atlas,3281
G. Berterame,Monterrey,2929
H. Preciado,Santos Laguna,2986
R. Aguirre,Monterrey,2441
J. Dinenno,Pumas UNAM,3084
R. Funes Mori,Monterrey,2136
C. González,Toluca,2979
M. Estrada,Cruz Azul,1083
E. Aguirre,Santos Laguna,1408
L. Di Yorio,León,2916
J. Correa,Santos Laguna,2202
F. Batista,Necaxa,2018
M. Giménez,Banfield,1720
J. Murillo,Atlético de San Luis,2489
G. Fernández,Juárez,2809
J. Herrera,Atlas,2403
A. Canelo,Club Tijuana,3177
A. Gignac,Tigres UANL,3169
A. Hernández,Peñarol,1367
M. Barragán,Puebla,2704
J. Furch,Atlas,2025
Á. Zaldívar,Atlético de San Luis,1638
R. Cisneros,Guadalajara,946
C. Tabó,Cruz Azul,925
Diogo,Pumas UNAM,1915
Camilo Sanvezzo,Toluca,1522
L. Sequeira,Real Oviedo,1075
Léo Bonatini,Atlético de San Luis,1003
A. Sepúlveda,Querétaro,2206
T. Molina,Juárez,927
Edgar Méndez,Necaxa,1830
E. López,Toluca,1648
G. Carneiro,Cruz Azul,1291
D. Álvarez,Puebla,919
J. Zúñiga,Querétaro,1111
M. Silvera,Necaxa,1109
R. de La Rosa,Pachuca,1815
B. Rubio,León,1240
M. Sansores,Mazatlán,920
A. Nahuelpán,Mazatlán,1505
J. David,Lille,2984
M. Terrier,Rennes,1387
A. Gouiri,Rennes,2531
A. Kalimuendo,Rennes,1899
F. Balogun,Reims,2814
H. Ekitike,PSG,952
E. Wahi,Montpellier,2451
B. Embolo,Monaco,1895
W. Ben Yedder,Monaco,1986
T. Moffi,Nice,2452
L. Openda,Lens,2334
M. Dembélé,Olympique Lyonnais,942
G. Laborde,Nice,2536
H. Diallo,Strasbourg,2738
A. Delort,Nantes,1330
A. Lacazette,Olympique Lyonnais,2735
Mama Baldé,Troyes,2512
B. Dieng,Lorient,1007
S. Mavididi,Montpellier,1162
T. Dallinga,Toulouse,2214
A. Sima,Angers SCO,1587
Mostafa Mohamed,Nantes,1937
S. Mounié,Brest,1385
M. Abline,Auxerre,952
I. Ganago,Nantes,1537
I. Koné,Lorient,1357
I. Niane,Angers SCO,974
R. Ripart,Troyes,1414
W. Khazri,Montpellier,1636
M. Niang,Auxerre,1511
J. Le Douaron,Brest,1872
A. Hunou,Angers SCO,2188
K. Andrić,Clermont,1496
G. Kyei,Clermont,2047
M. El Idrissy,Ajaccio,2501
I. Slimani,Brest,1046
K. Gameiro,Strasbourg,2161
A. Onaiwu,Toulouse,1087
Nuno Da Costa,Auxerre,1808
K. Spadanuda,Ajaccio,1016
A. Salama,Angers SCO,1329
E. Haaland,Manchester City,2798
H. Kane,Tottenham Hotspur,3437
M. Rashford,Manchester United,2840
Gabriel Jesus,Arsenal,1938
D. Núñez,Liverpool,1840
K. Havertz,Chelsea,2555
C. Gakpo,Liverpool,1322
Heung-Min Son,Tottenham Hotspur,2844
Diogo Jota,Liverpool,1088
Richarlison,Tottenham Hotspur,1033
I. Toney,Brentford,3246
J. Álvarez,Manchester City,1283
A. Isak,Newcastle United,1276
A. Gordon,Newcastle United,1649
J. Bowen,West Ham United,3270
H. Barnes,Leicester City,2636
O. Watkins,Aston Villa,3138
B. Aaronson,Leeds United,2481
Matheus Cunha,Wolverhampton Wanderers,964
A. Mitrović,Fulham,1966
G. Scamacca,West Ham United,1004
D. Calvert-Lewin,Everton,1061
E. Nketiah,Arsenal,1212
C. Adams,Southampton,2107
B. Johnson,Nottingham Forest,2956
T. Awoniyi,Nottingham Forest,1170
P. Daka,Leicester City,1231
D. Solanke,Bournemouth,2795
C. Wilson,Newcastle United,1761
K. Iheanacho,Leicester City,1138
O. Édouard,Crystal Palace,1768
D. Ings,West Ham United,1545
J. Aribo,Southampton,1245
Y. Wissa,Brentford,1537
N. Maupay,Everton,1170
D. James,Fulham,917
A. Armstrong,Southampton,1417
C. Summerville,Leeds United,1570
Hee-Chan Hwang,Wolverhampton Wanderers,1046
C. Wood,Nottingham Forest,923
P. Bamford,Leeds United,1517
Rodrigo,Leeds United,1820
M. Antonio,West Ham United,1811
D. Welbeck,Brighton,1784
J. Ayew,Crystal Palace,2641
Carlos Vinícius,Fulham,1098
K. Moore,Bournemouth,1323
J. Vardy,Leicester City,1781
Diego Costa,Wolverhampton Wanderers,1232
T. Walcott,Southampton,935
D. Ouattara,Bournemouth,1129
Gonçalo Ramos,Benfica,2405
Vitinha,Olympique Marseille,1209
M. Taremi,Porto,2805
Paulinho,Sporting CP,1491
Fran Navarro,Gil Vicente,3324
Abel Ruiz,Sporting Braga,2230
S. Banza,Sporting Braga,1624
Toni Martínez,Porto,1297
A. Yakubu,Wuhan Three Towns,1370
Gabriel Silva,Santa Clara,2408
André Silva,Vitória Guimarães,1900
Oday Dabbagh,Arouca,1028
J. Cádiz,Famalicão,1475
M. Osmajić,Vizela,2219
Matheus Babi,Santa Clara,1492
Anderson Silva,Vitória Guimarães,1521
Y. Njie,Boavista,2305
A. Dobre,Famalicão,1018
Rildo,Santa Clara,949
R. Boženík,Boavista,1064
Pablo Moreno,Marítimo,984
Nélson Luz,Vitória Guimarães,1340
Welinton Júnior,Portimonense,2241
J. Tagueu,Al Hazem,1161
K. Zohi,Vizela,1039
K. Tagawa,Santa Clara,1325
Héctor Hernández,Chaves,1616
Y. González,Portimonense,1060
B. Riascos,Marítimo,974
E. Boateng,Rio Ave,2035
Clayton Silva,Casa Pia AC,1331
Rafa Mújica,Arouca,1755
A. Issah,Chaves,1513
B. Róchez,Portimonense,1006
Juninho,Chaves,1948
Yago Cariello,Portimonense,1521
Alisson Safira,Vitória Guimarães,943
Antony,Arouca,2561
Adrián Butzke,Paços de Ferreira,1483
L. Ruiz,Rio Ave,1082
André Pereira,Rio Ave,1093
Rafael Martins,Casa Pia AC,1533
Cassiano,Estoril,988
Y. Chermiti,Sporting CP,946
Evanilson,Porto,1458
V. Osimhen,Napoli,2400
L. Martínez,Internazionale,2575
D. Vlahović,Juventus,1918
T. Abraham,Roma,2297
R. Lukaku,Internazionale,1421
R. Højlund,Atalanta,1659
N. González,Fiorentina,1397
C. De Ketelaere,Milan,1184
M. Pašalić,Atalanta,1622
M. Kean,Juventus,948
N. Vlašić,Torino,2574
C. Immobile,Lazio,2001
A. Pinamonti,Sassuolo,2025
J. Ikoné,Fiorentina,1927
B. Dia,Salernitana,2408
J. Correa,Internazionale,926
Arthur Cabral,Fiorentina,1477
Beto,Udinese,2109
C. Kouamé,Fiorentina,1749
D. Zapata,Atalanta,1415
A. Milik,Juventus,1455
A. Petagna,Monza,1515
L. Jović,Fiorentina,1543
A. Belotti,Roma,994
K. Piątek,Salernitana,1888
M. Satriano,Empoli,1799
D. Origi,Milan,1040
M. Arnautović,Bologna,1335
E. Shomurodov,Spezia,960
A. Sanabria,Torino,2214
M. Nzola,Spezia,2483
C. Dessers,Cremonese,1713
Dany Mota,Monza,1732
F. Bonazzoli,Salernitana,1221
L. Colombo,Lecce,1437
D. Okereke,Cremonese,2165
T. Henry,Hellas Verona,1098
I. Success,Udinese,1944
E. Džeko,Internazionale,1836
O. Giroud,Milan,2000
A. Ceesay,Lecce,1671
M. Gabbiadini,Sampdoria,2105
E. Gyasi,Spezia,2621
S. Lammers,Sampdoria,2069
K. Lasagna,Hellas Verona,1704
G. Defrel,Sassuolo,1062
F. Caputo,Empoli,2717
F. Tsadjout,Cremonese,927
M. Đurić,Hellas Verona,1094
D. Ciofani,Cremonese,976
J. Musiala,Bayern München,2126
F. Wirtz,Bayer Leverkusen,960
A. Davies,Bayern München,2164
L. Sané,Bayern München,1928
L. Goretzka,Bayern München,1704
K. Coman,Bayern München,1257
S. Gnabry,Bayern München,1827
M. Diaby,Bayer Leverkusen,2582
Dani Olmo,RB Leipzig,1185
D. Szoboszlai,RB Leipzig,2375
J. Brandt,Borussia Dortmund,2302
J. Frimpong,Bayer Leverkusen,2572
K. Adeyemi,Borussia Dortmund,1240
J. Lindstrøm,Eintracht Frankfurt,1668
T. Werner,RB Leipzig,1886
D. Raum,RB Leipzig,1765
Raphaël Guerreiro,Borussia Dortmund,2230
T. Müller,Bayern München,1509
D. Malen,Borussia Dortmund,1559
F. Neuhaus,Borussia M'gladbach,1345
B. Sosa,Stuttgart,1921
S. Becker,Union Berlin,2380
R. Doan,Freiburg,2264
M. Svanberg,Wolfsburg,1847
Angeliño,Hoffenheim,2557
J. Hofmann,Borussia M'gladbach,2561
M. Götze,Eintracht Frankfurt,2619
R. Baku,Wolfsburg,2490
V. Grifo,Freiburg,2230
D. Lukébakio,Hertha BSC,2387
P. Wimmer,Wolfsburg,1524
N. Ahamada,Crystal Palace,1486
D. Ljubičić,Köln,1593
A. Pléa,Borussia M'gladbach,1866
C. Günter,Freiburg,2827
A. Knauff,Eintracht Frankfurt,1346
J. Ryerson,Borussia Dortmund,2352
M. Bakker,Bayer Leverkusen,1533
E. Forsberg,RB Leipzig,1408
A. Kramarić,Hoffenheim,2286
R. Skov,Hoffenheim,1367
J. Juranović,Union Berlin,975
M. Wolf,Borussia Dortmund,1449
A. Caci,Mainz 05,1992
F. Nmecha,Wolfsburg,1735
C. Ejuke,Hertha BSC,919
J. Dina Ebimbe,Eintracht Frankfurt,1096
Aarón Martín,Mainz 05,1822
J. Haberer,Union Berlin,2062
Y. Gerhardt,Wolfsburg,1782
Paulo Otávio,Wolfsburg,2180
N. Amiri,Bayer Leverkusen,951
M. Richter,Hertha BSC,1719
Aurélio Buta,Eintracht Frankfurt,1148
R. Vargas,Augsburg,1159
Iago,Augsburg,1734
M. Weiser,Werder Bremen,2563
A. Maier,Augsburg,1940
S. Widmer,Mainz 05,1807
J. Vagnoman,Stuttgart,1356
C. Lenz,Eintracht Frankfurt,1200
L. Maina,Köln,2108
R. Schmid,Werder Bremen,1407
P. Kadeřábek,Hoffenheim,1818
F. Kainz,Köln,2237
Jae-Sung Lee,Mainz 05,1857
C. Führich,Stuttgart,1870
G. Holtmann,Bochum,976
J. Hector,Köln,2739
L. Bittencourt,Werder Bremen,1487
R. Zalazar,Schalke 04,1273
B. Schmitz,Köln,2425
M. Bülter,Schalke 04,2644
T. Ouwejan,Schalke 04,944
L. Stindl,Borussia M'gladbach,1690
E. Millot,Stuttgart,940
D. da Costa,Mainz 05,1146
N. Gießelmann,Union Berlin,1400
C. Antwi-Adjei,Bochum,1845
K. Schindler,Köln,1088
D. Drexler,Schalke 04,1325
C. Trimmel,Union Berlin,1685
C. Gakpo,Liverpool,1206
Xavi Simons,PSV,2706
S. Bergwijn,Ajax,2205
J. Karlsson,AZ,1659
S. Berghuis,Ajax,2239
S. Szymański,Feyenoord,1882
M. Kerkez,AZ,2554
O.  Wijndal,Ajax,1199
J. Bakayoko,PSV,1409
A. El Ghazi,PSV,1084
D. Rensch,Ajax,1869
T. Reijnders,AZ,3014
K. Kozłowski,Vitesse,1973
D. Tadić,Ajax,2911
M. Pedersen,Feyenoord,2202
P. Max,Eintracht Frankfurt,1080
T. Booth,Utrecht,1581
J. Teze,PSV,2121
J. Sánchez,Ajax,1208
Y. Sugawara,AZ,2357
Igor Paixão,Feyenoord,1179
J. Dilrosun,Feyenoord,1938
M. van Ewijk,Heerenveen,3015
O. Idrissi,Feyenoord,1344
V. Černý,Twente,2258
G. Smal,Twente,2923
O. Sahraoui,Heerenveen,905
S. Mijnans,AZ,2634
P. van Aanholt,PSV,1026
P. Mwene,PSV,1602
A. Jahanbakhsh,Feyenoord,1207
J. Brenet,Twente,2432
S. Klaiber,Utrecht,2176
M. Bero,Vitesse,2810
Iñigo Córdoba,Fortuna Sittard,2185
T. Suslov,Groningen,2041
M. van Brederode,AZ,1097
M. Wittek,Vitesse,2631
V. Misidjan,Twente,2078
M. Vlap,Twente,2163
M. Manhoef,Vitesse,2206
C. Arcus,Vitesse,2545
E. Tavsan,NEC,2536
V. van Crooij,Sparta Rotterdam,2802
Úmaro Embaló,Fortuna Sittard,1346
M. Azarkan,Excelsior,1648
M. Diemers,Emmen,2645
O. Boussaid,Utrecht,1991
K. Saito,Sparta Rotterdam,1488
M. Köhlert,Heerenveen,2588
Y. Namli,Sparta Rotterdam,1299
M. Seuntjens,RKC Waalwijk,2591
F. Krüger,Groningen,1148
O. Özyakup,Fortuna Sittard,1666
O. Tannane,NEC,2011
S. El Karouani,NEC,2808
B. van Rooij,NEC,2931
A. Bangura,Cambuur,2451
K. Goudmijn,Excelsior,2694
W. Willumsson,Go Ahead Eagles,2070
S. van der Water,Cambuur,1188
Mica Pinto,Sparta Rotterdam,2865
R. Vita,Fortuna Sittard,1166
O. Edvardsen,Go Ahead Eagles,1927
B. Adekanye,Go Ahead Eagles,1989
M. Duelund,NEC,1010
D. Murkin,Volendam,2813
P. Clement,RKC Waalwijk,2309
L. Lamprou,Excelsior,1423
B. Kuipers,Go Ahead Eagles,1797
A. El Messaoudi,Emmen,1419
I. Määttä,Groningen,2644
I. Bel Hassani,RKC Waalwijk,1395
N. Foor,Cambuur,1050
D. van Mieghem,Volendam,1822
Ivo Pinto,Fortuna Sittard,2210
M. Bouchouari,Emmen,1745
M. Deijl,Go Ahead Eagles,2759
M. Breij,Cambuur,1414
Y. Oukili,RKC Waalwijk,1719
T. Noslin,Fortuna Sittard,1486
C. Driouech,Excelsior,2244
R. Balk,Cambuur,1135
B. Ould-Chikh,Volendam,1023
I. Cissoko,NEC,925
Q. Hartman,Feyenoord,1525
L. Valente,Groningen,932
S. Pérez Bouquet,Guadalajara,1412
E. Partida,Necaxa,1924
J. Domínguez,Necaxa,1866
O. Islas,Atlético Morelia,2635
S. Vergara,Curicó Unido,1602
J. Peralta,Cimarrones de Sonora,3613
C. Acosta,Celaya,3107
H. Mascorro,Pumas Tabasco,1867
E. Torres,Cimarrones de Sonora,3490
M. Vallejo,Universidad Guadalajara,3533
M. Rodríguez,Raya2,1656
R. González,Atlético Morelia,1341
E. Alaffita,Pumas UNAM,1504
J. Clemente,Mineros de Zacatecas,2867
D. Rosales,Pumas Tabasco,2736
J. Rodríguez,Mineros de Zacatecas,1749
A. Tamay,Cancún,2578
J. Rodríguez,Durango,3130
C. González,Tepatitlán de Morelos,3067
A. Zamorano,Correcaminos UAT,2268
G. Hernández,Correcaminos UAT,2871
E. Jaramillo,Universidad Guadalajara,2411
J. Henestrosa,Universidad Guadalajara,2692
F. Ramírez,Atlante,2377
R. González,Atlante,3019
U. Torres,Cimarrones de Sonora,3120
Á. López,Venados,2165
C. Canozales,Alebrijes de Oaxaca,2697
C. Bermúdez,Atlante,2991
J. Celaya,Celaya,2013
J. Alonzo,Cancún,2350
A. Tecpanécatl,Tepatitlán de Morelos,2542
J. Gómez,Alebrijes de Oaxaca,2850
D. Amador,Correcaminos UAT,2125
D. Magaña,Tapatío,1967
J. Vega,Mineros de Zacatecas,1622
J. Pineda,Correcaminos UAT,3217
W. Rentería,Universidad Guadalajara,2767
D. Aguilar,Celaya,3221
J. Vega,Dorados,1948
M. Pérez,Venados,917
D. Parra,Atlético Morelia,1650
J. Pérez,CA La Paz,1377
K. Magaña,Mineros de Zacatecas,1220
D. Hernández,Cancún,1840
M. Galván,Universidad Guadalajara,1983
M. Gómez,Tapatío,2447
J. Ochoa,CA La Paz,1045
A. Villalobos,Universidad Guadalajara,1519
L. Morales,CA La Paz,1924
O. Botello,Monterrey U20,1412
H. Sandoval,CA La Paz,1950
N. Gómez,CA La Paz,1883
M. Benítez,CA La Paz,2494
F. Escalante,Durango,1598
C. Rosel,Venados,1425
O. De La Cruz,Tepatitlán de Morelos,2209
J. Brigido,Tapatío,2445
D. Cruz,Tlaxcala,1692
D. Cisneros,Cimarrones de Sonora,1360
J. Gurrola,Cimarrones de Sonora,1089
J. Ibarra,Atlético Morelia,1838
M. Velázquez,Atlante,2962
J. Reyes,Raya2,2166
J. Uchuari,Atlético Morelia,1363
G. Vázquez,Dorados,1076
V. López,Raya2,2415
J. Martínez,Atlante,3236
C. Engelhart,Tapatío,1579
F. Acuña,Cimarrones de Sonora,2388
W. Ortega,Cancún,2294
D. Navarro,Durango,2770
K. Hernández,Atlético Morelia,971
F. Monarrez,Chihuahua FC,1005
E. Reyes,Chihuahua FC,929
C. Sánchez,Mineros de Zacatecas,1456
J. Jiménez,Mineros de Zacatecas,3008
D. Osuna,Dorados,1482
C. Traore,Cancún,1279
Aldo Serna,Tlaxcala,1553
H. Vázquez,Cimarrones de Sonora II,1618
Vinícius Júnior,Real Madrid,2805
Pedri,Barcelona,2033
F. Valverde,Real Madrid,2481
Rodrygo,Real Madrid,2253
O. Dembélé,Barcelona,1255
Raphinha,Barcelona,1927
Yéremi Pino,Villarreal,2144
Marcos Llorente,Atlético Madrid,1830
José Gayá,Valencia,2484
K. Benzema,Real Madrid,1922
N. Fekir,Real Betis,1058
Ferrán Torres,Barcelona,1379
Oihan Sancet,Athletic Bilbao,2296
Gabri Veiga,Celta de Vigo,1994
F. Kessié,Barcelona,905
A. Griezmann,Atlético Madrid,2610
Y. Carrasco,Atlético Madrid,2093
T. Lemar,Atlético Madrid,1275
Marco Asensio,Real Madrid,1371
Nico Williams,Athletic Bilbao,2539
Iñaki Williams,Athletic Bilbao,2589
N. Molina,Atlético Madrid,2611
Y. Musah,Valencia,2248
Á. Lopera,Aston Villa,1491
Sergio Canales,Real Betis,2137
S. Chukwueze,Villarreal,2246
Álex Baena,Villarreal,1833
G. Lo Celso,Villarreal,1032
Sergi Darder,Espanyol,3168
Samuel Lino,Valencia,2848
Arnau Martínez,Girona,2502
Kang-In Lee,Mallorca,2677
Daniel Carvajal,Real Madrid,1722
T. Kubo,Real Sociedad,2221
Álex Berenguer,Athletic Bilbao,2093
Alfonso Pedraza,Villarreal,1543
André Almeida,Valencia,2278
Iker Muniain,Athletic Bilbao,1542
J. Kluivert,Valencia,1218
Alex Telles,Sevilla,1277
M. Acuña,Sevilla,1867
G. Montiel,Sevilla,1370
Thierry Correia,Valencia,1937
Javi Galán,Celta de Vigo,3040
Andoni Gorosabel,Real Sociedad,1501
Rodrigo Riquelme,Girona,2135
Isi Palazón,Rayo Vallecano,2723
Fran García,Rayo Vallecano,3255
Manu Sánchez,Osasuna,1831
E. Ávila,Osasuna,1629
Sergio Akieme,Almería,2393
Lucas Vázquez,Real Madrid,978
Óliver Torres,Sevilla,2043
Miguel Gutiérrez,Girona,2212
Ez Abde,Osasuna,1278
Rodri Sánchez,Real Betis,1512
Samu Castillejo,Valencia,1463
Pablo Maffeo,Mallorca,2773
Suso,Sevilla,1053
Iago Aspas,Celta de Vigo,3003
Sergi Roberto,Barcelona,1157
Brian Oliván,Espanyol,2180
Edu Expósito,Espanyol,1173
Aihen Muñoz,Real Sociedad,1623
Álvaro García,Rayo Vallecano,2624
Aimar Oroz,Osasuna,1662
Rubén García,Osasuna,1060
G. Plata,Real Valladolid,2067
Jordi Alba,Barcelona,1313
Y. Sabaly,Real Betis,1501
Aitor Ruibal,Real Betis,1469
Juan Miranda,Real Betis,1294
J. Mojica,Villarreal,1005
Carles Pérez,Celta de Vigo,1822
Portu,Getafe,1697
Kike Pérez,Real Valladolid,2282
Munir El Haddadi,Getafe,1177
David Silva,Real Sociedad,1930
Yan Couto,Girona,1071
Iván Balliu,Rayo Vallecano,3075
Alberto Moreno,Villarreal,1195
T. Bongonda,Cádiz,1736
A. Espino,Cádiz,2967
Hugo Mallo,Celta de Vigo,2066
Juan Iglesias,Getafe,2085
Óscar Mingueza,Celta de Vigo,1248
Pere Milla,Elche,1921
Adri Embarba,Almería,1306
Alejandro Pozo,Almería,1597
Óscar Plano,Real Valladolid,1989
Diego Rico,Real Sociedad,1595
Íñigo Lekue,Athletic Bilbao,1356
Jesús Navas,Sevilla,1992
D. Foulquier,Valencia,1723
F. Cervi,Celta de Vigo,1892
L. de la Torre,Celta de Vigo,1330
Kike Barja,Osasuna,1167
Toni Villa,Girona,1114
Kiko Femenía,Villarreal,1069
Tete Morente,Elche,1788
H. Mendes,Almería,953
L. Olaza,Real Valladolid,1336
Toni Lato,Valencia,928
Rubén Peña,Osasuna,922
B. Ocampo,Cádiz,1204
D. Brašanac,Osasuna,1148
Yuri Berchiche,Athletic Bilbao,2114
Carlos Clerc,Elche,2463
Léo Baptistão,Almería,1751
Antonio Sánchez,Mallorca,1121
Óscar de Marcos,Athletic Bilbao,2611
Luis Pérez,Real Valladolid,1266
D. Suárez,Getafe,1740
Ramón Terrats,Villarreal B,920
Jaume Costa,Mallorca,2501
Dani Rodríguez,Mallorca,1894
Iván Alejo,Cádiz,1267
Fidel,Elche,1436
Iván Martín,Girona,1416
Iván Sánchez,Real Valladolid,1182
Rubén Sánchez,Espanyol,984
Alejandro Balde,Barcelona,2357
Iván Fresneda,Real Valladolid,1770
F. Gorriarán,Tigres UANL,2889
A. Vega,Guadalajara,2338
L. Fernández,Toluca,2561
C. Rodríguez,Cruz Azul,3180
J. Angulo,Tigres UANL,3070
A. González,Monterrey,2725
M. Araújo,Toluca,3296
K. Álvarez,Pachuca,3731
V. Guzmán,Guadalajara,2614
M. Meza,Monterrey,2541
D. Valdés,América,2931
F. Beltrán,Guadalajara,2736
J. Brunetta,Santos Laguna,2957
R. Alvarado,Guadalajara,2701
A. Zendejas,América,2248
J. Meneses,Toluca,3523
O. Campos,Santos Laguna,3542
E. López,Pachuca,1430
S. Córdova,Tigres UANL,2301
E. Aguirre,Monterrey,1763
Y. Moreno,León,1993
V. Dávila,León,2367
M. Isais,Pachuca,3517
J. Gallardo,Monterrey,2898
B. Rodríguez,América,1051
B. Lozano,Atlas,1429
U. Antuna,Cruz Azul,3185
R. Pizarro,Inter Miami,1065
N. Benedetti,Mazatlán,2304
E. Lara,América,2466
S. Reyes,América,1700
I. Rivero,Cruz Azul,3339
R. Rotondi,Cruz Azul,2451
G. Del Prete,Pumas UNAM,2160
A. Mozo,Guadalajara,2263
L. Suárez,América,1776
L. Rodríguez,Club Tijuana,2121
B. Castillo,León,1665
L. Quiñónes,Tigres UANL,2426
F. Waller,Puebla,2355
B. García,Toluca,3257
E. Salvio,Pumas UNAM,2387
J. Cortizo,Monterrey,1991
R. Fulgencio,Tigres UANL,1546
J. Aquino,Tigres UANL,2153
O. Fernández,Puebla,1902
Á. Romero,Corinthians,952
Gustavo Ferrareis,Puebla,2583
C. Calderón,Guadalajara,2172
J. Campbell,León,1848
R. López,Santos Laguna,1881
I. Brizuela,Guadalajara,967
É. Flores,Atlas,923
D. Barbosa,Atlas,1382
R. Ibarra,Pachuca,979
J. Montecinos,Club Tijuana,1541
M. Olivera,Juárez,3246
J. Garza,Tigres UANL,1613
J. Vigón,Tigres UANL,1241
C. Orrantía,Toluca,1871
J. Abella,Atlas,2136
Paulino De la Fuente,Pachuca,964
G. Rojas,Racing Club,1801
C. Huerta,Pumas UNAM,1710
C. Cisneros,Guadalajara,1928
J. Dueñas,Juárez,2646
M. Layún,América,1750
Á. Mena,León,1867
F. Navarro,Toluca,2521
A. Chalá,Atlas,1151
Vitinho,Atlético de San Luis,1724
D. Villalpando,Atlético de San Luis,1864
P. Pérez,Guadalajara,947
Y. Bárcenas,Mazatlán,2053
E. Bello,Mazatlán,1343
J. Colmán,Mazatlán,1167
L. Rodríguez,Juárez,1645
A. Medina,Juárez,2116
B. Garnica,Necaxa,2312
A. Hurtado,Pachuca,2710
L. García,Puebla,937
P. Barrera,Querétaro,3175
I. Moreno,León,2302
R. Huescas,Cruz Azul,1920
F. Nevarez,Juárez,1129
L. Fuentes,América,2259
D. Medina,Santos Laguna,1177
F. Valenzuela,Club Tijuana,1083
C. Trejo,Atlas,904
R. Sandoval,Mazatlán,953
J. Hernández,Pachuca,1223
R. López,Querétaro,1541
J. González,Santos Laguna,1591
K. Mbappé,PSG,2533
Neymar,PSG,1622
A. Hakimi,PSG,2032
Nuno Mendes,PSG,1647
L. Messi,PSG,2628
K. Thuram,Nice,2642
S. Fofana,Lens,2999
Carlos Soler,PSG,1212
R. Cherki,Olympique Lyonnais,1659
Tetê,Olympique Lyonnais,1155
M. Guendouzi,Olympique Marseille,2025
M. Gusto,Olympique Lyonnais,1622
A. Golovin,Monaco,2370
N. Pépé,Nice,1618
L. Majer,Rennes,1398
J. Bamba,Lille,2586
Caio Henrique,Monaco,2790
S. Diop,Nice,1125
A. Truffert,Rennes,2061
J. Doku,Rennes,1051
B. Bourigeaud,Rennes,2853
R. Malinovskyi,Olympique Marseille,994
Nuno Tavares,Olympique Marseille,2411
L. Blas,Nantes,2615
Vanderson,Monaco,1996
C. Ünder,Olympique Marseille,2270
A. Ounahi,Olympique Marseille,1327
J. Clauss,Olympique Marseille,2418
K. Diatta,Monaco,2133
T. Weah,Lille,1600
Juan Bernat,PSG,1387
K. Toko Ekambi,Rennes,2124
H. Traoré,Rennes,2337
J. Ito,Reims,2717
David Costa,Lens,1474
J. Bellegarde,Strasbourg,2217
R. Aguilar,Monaco,1084
M. Simon,Nantes,2255
F. Honorat,Brest,2484
N. Tagliafico,Olympique Lyonnais,2808
A. Ounas,Lille,990
M. Bard,Nice,2368
R. Faivre,Lorient,1270
E. Zhegrova,Lille,1101
P. Frankowski,Lens,2737
Q. Merlin,Nantes,1555
B. Barcola,Olympique Lyonnais II,1265
Z. Aboukhlal,Toulouse,2476
I. Jakobs,Monaco,975
J. Lotomba,Nice,2237
B. Meling,Rennes,1285
M. Sanson,Strasbourg,1123
R. Cabella,Lille,2361
A. Flips,Reims,1807
I. Kaboré,Olympique Marseille,949
M. Cham,Clermont,1914
E. Guessand,Nantes,1343
F. Guilbert,Strasbourg,1178
F. Centonze,Nantes,1610
F. Maouassa,Montpellier,1854
A. Nordin,Montpellier,2155
T. Foket,Reims,1734
A. Sánchez,Olympique Marseille,2492
A. Zeneli,Reims,1061
A. Thomasson,Lens,2037
F. Sotoca,Lens,2935
T. Baldé,Troyes,2015
Rony Lopes,Troyes,2089
J. Duverne,Brest,2329
Y. Larouci,Troyes,1585
A. Ramsey,Nice,1674
Ismaily,Lille,1761
H. Diarra,Strasbourg,1385
R. Del Castillo,Brest,1238
S. Diarra,Lorient,1146
E. Tchato,Montpellier,1101
S. Doumbia,Angers SCO,1899
Abdu Conté,Troyes,1241
K. Doumbia,Reims,1227
A. Zedadka,Auxerre,1843
G. Hein,Auxerre,1668
F. Mollet,Nantes,901
Y. Cathline,Lorient,1150
M. Pereira Lage,Brest,1252
J. Ponceau,Lorient,1741
M. Desler,Toulouse,2144
Rafael Ratão,Toulouse,1669
Y. Valery,Angers SCO,2257
A. Bruus,Troyes,1554
E. Rashani,Clermont,1976
J. Allevinah,Clermont,2233
G. Mensah,Auxerre,2009
Neto Borges,Clermont,2647
T. Le Bris,Lorient,1377
I. Sylla,Montpellier,2664
Y. Belaïli,Ajaccio,1588
Y. Koné,Ajaccio,977
P. Joly,Dijon,922
T. Delaine,Strasbourg,1093
M. van Bergen,Reims,1013
S. Khaoui,Clermont,1938
G. Perrin,Auxerre,1363
L. Sinayoko,Auxerre,1477
H. Abdelli,Angers SCO,1898
M. Autret,Auxerre,1347
C. Bayala,Ajaccio,1965
D. Liénard,Strasbourg,1639
R. Hamouma,Ajaccio,1155
T. De Smet,Reims,1758
R. Nouri,Ajaccio,1596
M. Youssouf,Ajaccio,2254
D. Ouattara,Bournemouth,1633
D. Doué,Rennes,1166
D. Machado,Lens,1990
W. Odobert,Troyes,1703
S. Kumbedi,Olympique Lyonnais,1113
F. Chaibi,Toulouse,2248
E. Ben Seghir,Monaco U21,921
P. Foden,Manchester City,1681
B. Saka,Arsenal,3199
K. De Bruyne,Manchester City,2546
Bernardo Silva,Manchester City,2296
M. Ødegaard,Arsenal,3108
Bruno Fernandes,Manchester United,3105
R. James,Chelsea,1386
Mohamed Salah,Liverpool,3268
J. Grealish,Manchester City,2177
Antony,Manchester United,1619
M. Mount,Chelsea,1786
T. Alexander-Arnold,Liverpool,2860
João Cancelo,Bayern München,1375
R. Sterling,Chelsea,1778
Gabriel Martinelli,Arsenal,3003
J. Maddison,Leicester City,2337
D. Kulusevski,Tottenham Hotspur,2046
J. Sancho,Manchester United,1416
B. White,Arsenal,3016
A. Robertson,Liverpool,2619
Matheus Nunes,Wolverhampton Wanderers,2489
Lucas Paquetà,West Ham United,2019
A. Mac Allister,Brighton,2684
Joelinton,Newcastle United,2735
B. Chilwell,Chelsea,1565
H. Elliott,Liverpool,1687
Pedro Porro,Tottenham Hotspur,1034
Diogo Dalot,Manchester United,2217
M. Almirón,Newcastle United,2310
A. Saint-Maximin,Newcastle United,1112
J. Ramsey,Aston Villa,2585
Pedro Neto,Wolverhampton Wanderers,999
M. Gibbs-White,Nottingham Forest,3050
R. Mahrez,Manchester City,1701
E. Eze,Crystal Palace,2565
L. Trossard,Arsenal,2199
J. Willock,Newcastle United,2592
B. Mbeumo,Brentford,2824
E. Buendía,Aston Villa,2515
G. Xhaka,Arsenal,3055
M. Olise,Crystal Palace,2682
W. Zaha,Crystal Palace,2426
K. Walker-Peters,Southampton,2511
R. Loftus-Cheek,Chelsea,1452
A. Iwobi,Everton,3301
İ. Gündoğan,Manchester City,2372
Emerson Royal,Tottenham Hotspur,1634
L. Bailey,Aston Villa,1974
Pablo Fornals,West Ham United,1374
M. Cash,Aston Villa,1793
L. Sinisterra,Leeds United,938
R. Henry,Brentford,3252
J. Harrison,Leeds United,2687
Roberto Firmino,Liverpool,1253
R. Aït Nouri,Wolverhampton Wanderers,1142
S. Benrahma,West Ham United,2062
K. Mitoma,Brighton,2029
D. Gray,Everton,2549
Á. Lopera,Aston Villa,1352
Daniel Podence,Wolverhampton Wanderers,1837
P. Estupiñán,Brighton,2364
N. Williams,Nottingham Forest,2083
P. Billing,Bournemouth,2808
D. McNeil,Everton,2344
W. Gnonto,Leeds United,1393
S. March,Brighton,2914
C. Jones,Liverpool,904
L. Digne,Aston Villa,1512
Andreas Pereira,Fulham,2853
M. Tavernier,Bournemouth,1894
Nélson Semedo,Wolverhampton Wanderers,2593
M. Jensen,Brentford,2845
N. Patterson,Everton,1194
H. Wilson,Fulham,913
K. Trippier,Newcastle United,3279
M. Elyounoussi,Southampton,2184
R. Perraud,Southampton,2016
K. Tete,Fulham,2413
A. Doucouré,Everton,1320
Adama Traoré,Wolverhampton Wanderers,1458
Emerson Palmieri,West Ham United,1214
A. Robinson,Fulham,2990
I. Perišić,Tottenham Hotspur,2289
J. Murphy,Newcastle United,1388
R. Christie,Bournemouth,1801
J. Dasilva,Brentford,1525
V. Coufal,West Ham United,2128
P. Groß,Brighton,2963
B. De Cordova-Reid,Fulham,2615
S. Armstrong,Southampton,1342
J. Anthony,Bournemouth,1271
J. Zemura,Bournemouth,1592
Willian,Fulham,1887
A. Cresswell,West Ham United,2258
J. Milner,Liverpool,917
L. Ayling,Leeds United,1983
Hugo Bueno,Wolverhampton Wanderers U21,1345
Pedro Porro,Tottenham Hotspur,1262
Pedro Gonçalves,Sporting CP,3049
M. Edwards,Sporting CP,2423
Alejandro Grimaldo,Benfica,3183
Rafa Silva,Benfica,2350
David Neres,Benfica,2088
Pepê,Porto,2881
Galeno,Porto,2197
Ricardo Horta,Sporting Braga,2857
João Mário,Porto,1356
Francisco Trincão,Sporting CP,2384
João Mário,Benfica,2823
Nuno Santos,Sporting CP,2452
Z. Sanusi,Porto,1163
A. Bah,Benfica,2027
Iuri Medeiros,Sporting Braga,2176
Wendell,Porto,2128
Arthur Gomes,Sporting CP,1227
Víctor Gómez,Sporting Braga,2268
Bruma,Sporting Braga,1107
Ricardo Esgaio,Sporting CP,1447
Francisco Moura,Famalicão,2347
Fabiano Silva,Kasımpaşa,1041
Romário Baró,Casa Pia AC,1005
Nuno Sequeira,Sporting Braga,2235
Tiago Gouveia,Estoril,2533
K. Fujimoto,Gil Vicente,2830
Miguel Maga,Vitória Guimarães,2169
Bruno Jordão,Santa Clara,906
J. Léa Siliki,Estoril,932
Matchoi Djaló,Paços de Ferreira,1416
Ivo Rodrigues,Famalicão,2583
Iván Jaime,Famalicão,2021
Leonardo Lelo,Casa Pia AC,2529
S. Godwin,Casa Pia AC,2608
Adrián Marín,Gil Vicente,2851
F. Moufi,Portimonense,2883
Bruno Xadas,Marítimo,2564
Costinha,Rio Ave,3053
Y. Soma,Casa Pia AC,1312
Rúben Lameiras,Vitória Guimarães,1273
André Vidigal,Marítimo,2815
Jota Silva,Vitória Guimarães,1730
B. Onyemaechi,Boavista,2749
Ricardo Mangas,Boavista,2018
J. Delgado,Paços de Ferreira,2935
Kiko Bondoso,Vizela,3080
K. Gorré,Boavista,1624
Ricardinho,Santa Clara,1954
Murilo,Gil Vicente,2309
Carraça,Gil Vicente,2059
Mateus Quaresma,Arouca,2972
M. Johnston,Vitória Guimarães,1547
Fábio Ronaldo,Rio Ave,2142
Pedro Amaral,Al Khaleej,1065
João Teixeira,Chaves,2939
João Correia,Chaves,1980
Luquinha,Portimonense,1278
A. Bukia,Al Batin,1087
Nuno Moreira,Vizela,1979
Rodrigo Martins,Estoril,1533
Bruno Langa,Chaves,2721
Cláudio Winck,Marítimo,2718
N. Thomas,Paços de Ferreira,2196
Lucas Soares,Casa Pia AC,2369
Euller,Chaves,1158
M. Seck,Portimonense,2420
Vitor Costa,Marítimo,2666
Zé Uilton,Paços de Ferreira,1524
Rui Gomes,Portimonense,1252
Igor Julião,Vizela,1766
Tomás Silva,Vizela,1329
J. Boselli,Gil Vicente,1374
João Mendes,Chaves,2514
Salvador Agra,Boavista,1785
Bruno Almeida,Santa Clara,1364
João Graça,Rio Ave,1257
Matheus Pereira,Vizela,923
Allano,Santa Clara,1219
Tiago Araújo,Estoril,1031
Z. Ouattara,Portimonense,1298
Pedro Silva,Gil Vicente,1371
N. Gaitán,Paços de Ferreira,1917
Paulo Vitor,Rio Ave,1257
P. Sagna,Santa Clara,1864
Arsénio,Arouca,1150
Joãozinho,Estoril,2825
Derick Poloni,Casa Pia AC,1563
Antunes,Paços de Ferreira,2917
Tiago Santos,Estoril,2641
Benny Sousa,Chaves,1369
Pedro Malheiro,Boavista,3060
Rafael Leão,Milan,2356
K. Kvaratskhelia,Napoli,2354
N. Barella,Internazionale,2620
Theo Hernández,Milan,2680
P. Zieliński,Napoli,2078
A. Zambo Anguissa,Napoli,2907
L. Pellegrini,Roma,2586
G. Raspadori,Napoli,933
A. Lookman,Atalanta,1740
P. Dybala,Roma,1772
N. Zaniolo,Galatasaray,955
D. Dumfries,Internazionale,2166
H. Lozano,Napoli,1706
E. Elmas,Napoli,1580
M. Zaccagni,Lazio,2639
F. Dimarco,Internazionale,2031
G. Di Lorenzo,Napoli,3278
T. Ndombèlé,Napoli,913
F. Kostić,Juventus,2521
D. Udogie,Udinese,2685
D. Frattesi,Sassuolo,2796
D. Calabria,Milan,1543
Brahim Diaz,Milan,1753
M. Politano,Napoli,1215
Luis Alberto,Lazio,2247
R. Gosens,Internazionale,1103
D. Berardi,Sassuolo,1552
A. Laurienté,Sassuolo,2199
M. Olivera,Napoli,1504
Dodô,Fiorentina,2385
N. Zalewski,Roma,2006
L. Spinazzola,Roma,1819
Felipe Anderson,Lazio,2930
M. Lazzari,Lazio,1743
F. Miretti,Juventus,1217
A. Saelemaekers,Milan,1357
W. Singo,Torino,1847
J. Maehle,Atalanta,2087
Gerard Deulofeu,Udinese,1286
M. Barrow,Bologna,1700
Al. Miranchuk,Torino,2005
A. Barák,Fiorentina,1696
Z. Çelik,Roma,1513
F. Parisi,Empoli,2776
J. Doig,Hellas Verona,1470
Strefezza,Lecce,2138
Á. Di María,Juventus,1317
A. Rebić,Milan,1006
G. Caprari,Monza,2301
K. Thorstvedt,Sassuolo,1151
L. Muriel,Atalanta,1057
N. Bajrami,Sassuolo,1687
L. Samardžić,Udinese,1602
S. Bastoni,Spezia,1254
R. Orsolini,Bologna,1997
S. Lovrič,Udinese,2058
D. Zappacosta,Atalanta,1225
A. Cambiaso,Bologna,1881
R. Pereyra,Udinese,2551
V. Lazaro,Torino,1436
C. Biraghi,Fiorentina,2652
H. Mkhitaryan,Internazionale,2044
Junior Messias,Milan,1391
Rogério,Sassuolo,2768
E. Holm,Spezia,1499
P. Mazzocchi,Salernitana,1713
D. Bradarić,Salernitana,2226
S. El Shaarawy,Roma,1454
A. Zanoli,Sampdoria,1217
G. Kyriakopoulos,Bologna,1595
J. Cuadrado,Juventus,1951
M. Vojvoda,Torino,1606
S. Verdi,Hellas Verona,1027
M. De Sciglio,Juventus,1124
Carlos Augusto,Monza,2920
D. Verde,Spezia,1077
R. Oudin,Lecce,1038
L. Ferguson,Bologna,2137
N. Radonjić,Torino,1555
R. Soriano,Bologna,1443
F. Bandinelli,Empoli,2222
K. Agudelo,Spezia,2197
M. Aebischer,Bologna,1406
E. Valeri,Cremonese,2685
P. Ciurria,Monza,2573
T. Baldanzi,Empoli,1736
N. Cambiaghi,Empoli,999
A. Reca,Spezia,1966
F. Depaoli,Hellas Verona,2194
G. Pezzella,Lecce,975
L. Banda,Lecce,1560
Pedro,Lazio,1834
D. Lazović,Hellas Verona,2117
F. Đuričić,Sampdoria,2045
A. Colpani,Monza,962
T. Augello,Sampdoria,2846
G. Bonaventura,Fiorentina,2018
K. Ehizibue,Udinese,1669
S. Birindelli,Monza,1391
M. Léris,Sampdoria,2375
M. Ruggeri,Atalanta,912
T. Arslan,Udinese,1146
A. Gallo,Lecce,2239
B. Bereszyński,Napoli,1303
R. Saponara,Fiorentina,1160
L. Sernicola,Cremonese,2289
A. Candreva,Salernitana,2618
Y. Kallon,Hellas Verona,963
F. Di Francesco,Lecce,1967
C. Lykogiannis,Bologna,1177
C. Buonaiuto,Cremonese,964
Miguel Veloso,Hellas Verona,1134
